-- phpMyAdmin SQL Dump
-- version 5.2.1
-- https://www.phpmyadmin.net/
--
-- Máy chủ: 127.0.0.1
-- Thời gian đã tạo: Th1 03, 2026 lúc 03:45 PM
-- Phiên bản máy phục vụ: 10.4.32-MariaDB
-- Phiên bản PHP: 8.2.12

SET SQL_MODE = "NO_AUTO_VALUE_ON_ZERO";
START TRANSACTION;
SET time_zone = "+00:00";


/*!40101 SET @OLD_CHARACTER_SET_CLIENT=@@CHARACTER_SET_CLIENT */;
/*!40101 SET @OLD_CHARACTER_SET_RESULTS=@@CHARACTER_SET_RESULTS */;
/*!40101 SET @OLD_COLLATION_CONNECTION=@@COLLATION_CONNECTION */;
/*!40101 SET NAMES utf8mb4 */;

--
-- Cơ sở dữ liệu: `qlsv`
--

-- --------------------------------------------------------

--
-- Cấu trúc bảng cho bảng `diem`
--

CREATE TABLE `diem` (
  `id` int(11) NOT NULL,
  `masv` varchar(20) DEFAULT NULL,
  `malop` varchar(20) DEFAULT NULL,
  `hocky` varchar(20) DEFAULT NULL,
  `tenmon` varchar(100) DEFAULT NULL,
  `diem` float DEFAULT NULL
) ENGINE=InnoDB DEFAULT CHARSET=utf8mb4 COLLATE=utf8mb4_general_ci;

--
-- Đang đổ dữ liệu cho bảng `diem`
--

INSERT INTO `diem` (`id`, `masv`, `malop`, `hocky`, `tenmon`, `diem`) VALUES
(1, 'SV01', 'CNTT_A', 'HK1', 'Lập trình Web', 8.5),
(2, 'SV01', 'CNTT_A', 'HK1', 'Cơ sở dữ liệu', 7),
(3, 'SV003', 'CNTT_A', 'HK1', 'Lập trình Web', 6.7),
(4, 'SV004', 'CNTT_A', 'HK1', 'Lập trình Web', 8.7),
(5, 'SV005', 'CNTT_A', 'HK1', 'Lập trình Web', 7.6),
(6, 'SV006', 'CNTT_A', 'HK1', 'Lập trình Web', 7.7),
(7, 'SV007', 'CNTT_A', 'HK1', 'Lập trình Web', 5.7),
(8, 'SV008', 'CNTT_A', 'HK1', 'Lập trình Web', 7.3),
(9, 'SV009', 'CNTT_A', 'HK1', 'Lập trình Web', 9.6),
(10, 'SV01', 'CNTT_A', 'HK1', 'Lập trình Web', 4.1),
(11, 'SV010', 'CNTT_A', 'HK1', 'Lập trình Web', 5.8),
(12, 'SV011', 'CNTT_A', 'HK1', 'Lập trình Web', 6.4),
(13, 'SV012', 'CNTT_A', 'HK1', 'Lập trình Web', 4.7),
(14, 'SV013', 'CNTT_A', 'HK1', 'Lập trình Web', 6.4),
(15, 'SV014', 'CNTT_A', 'HK1', 'Lập trình Web', 8),
(16, 'SV015', 'CNTT_A', 'HK1', 'Lập trình Web', 4.5),
(17, 'SV016', 'CNTT_A', 'HK1', 'Lập trình Web', 6.8),
(18, 'SV017', 'CNTT_A', 'HK1', 'Lập trình Web', 4.5),
(19, 'SV018', 'CNTT_A', 'HK1', 'Lập trình Web', 9.9),
(20, 'SV019', 'CNTT_A', 'HK1', 'Lập trình Web', 8.2),
(21, 'SV020', 'CNTT_A', 'HK1', 'Lập trình Web', 7),
(22, 'SV021', 'CNTT_A', 'HK1', 'Lập trình Web', 6.7),
(23, 'SV022', 'CNTT_A', 'HK1', 'Lập trình Web', 8.5),
(24, 'SV023', 'CNTT_A', 'HK1', 'Lập trình Web', 6.3),
(25, 'SV024', 'CNTT_A', 'HK1', 'Lập trình Web', 7.9),
(26, 'SV025', 'CNTT_A', 'HK1', 'Lập trình Web', 4.8),
(27, 'SV026', 'CNTT_A', 'HK1', 'Lập trình Web', 8.2),
(28, 'SV027', 'CNTT_A', 'HK1', 'Lập trình Web', 4.6),
(29, 'SV028', 'CNTT_A', 'HK1', 'Lập trình Web', 6.3),
(30, 'SV029', 'CNTT_A', 'HK1', 'Lập trình Web', 7.6),
(31, 'SV030', 'CNTT_A', 'HK1', 'Lập trình Web', 9.2),
(32, 'SV031', 'CNTT_A', 'HK1', 'Lập trình Web', 7.3),
(33, 'SV032', 'CNTT_A', 'HK1', 'Lập trình Web', 4.9),
(34, 'SV033', 'CNTT_A', 'HK1', 'Lập trình Web', 4.3),
(35, 'SV034', 'CNTT_A', 'HK1', 'Lập trình Web', 9.2),
(36, 'SV035', 'CNTT_A', 'HK1', 'Lập trình Web', 4.8),
(37, 'SV036', 'CNTT_A', 'HK1', 'Lập trình Web', 4.6),
(38, 'SV037', 'CNTT_A', 'HK1', 'Lập trình Web', 4.7),
(39, 'SV038', 'CNTT_A', 'HK1', 'Lập trình Web', 5.7),
(40, 'SV039', 'CNTT_A', 'HK1', 'Lập trình Web', 4.2),
(41, 'SV040', 'CNTT_A', 'HK1', 'Lập trình Web', 5.9),
(42, 'SV003', 'CNTT_A', 'HK1', 'Cơ sở dữ liệu', 7.1),
(43, 'SV004', 'CNTT_A', 'HK1', 'Cơ sở dữ liệu', 7.9),
(44, 'SV005', 'CNTT_A', 'HK1', 'Cơ sở dữ liệu', 8),
(45, 'SV006', 'CNTT_A', 'HK1', 'Cơ sở dữ liệu', 6.4),
(46, 'SV007', 'CNTT_A', 'HK1', 'Cơ sở dữ liệu', 9.9),
(47, 'SV008', 'CNTT_A', 'HK1', 'Cơ sở dữ liệu', 8.5),
(48, 'SV009', 'CNTT_A', 'HK1', 'Cơ sở dữ liệu', 8.7),
(49, 'SV01', 'CNTT_A', 'HK1', 'Cơ sở dữ liệu', 7.8),
(50, 'SV010', 'CNTT_A', 'HK1', 'Cơ sở dữ liệu', 9),
(51, 'SV011', 'CNTT_A', 'HK1', 'Cơ sở dữ liệu', 5.6),
(52, 'SV012', 'CNTT_A', 'HK1', 'Cơ sở dữ liệu', 9.2),
(53, 'SV013', 'CNTT_A', 'HK1', 'Cơ sở dữ liệu', 7.1),
(54, 'SV014', 'CNTT_A', 'HK1', 'Cơ sở dữ liệu', 4),
(55, 'SV015', 'CNTT_A', 'HK1', 'Cơ sở dữ liệu', 6.7),
(56, 'SV016', 'CNTT_A', 'HK1', 'Cơ sở dữ liệu', 5.5),
(57, 'SV017', 'CNTT_A', 'HK1', 'Cơ sở dữ liệu', 9.3),
(58, 'SV018', 'CNTT_A', 'HK1', 'Cơ sở dữ liệu', 8.1),
(59, 'SV019', 'CNTT_A', 'HK1', 'Cơ sở dữ liệu', 8.6),
(60, 'SV020', 'CNTT_A', 'HK1', 'Cơ sở dữ liệu', 8.8),
(61, 'SV021', 'CNTT_A', 'HK1', 'Cơ sở dữ liệu', 7.9),
(62, 'SV022', 'CNTT_A', 'HK1', 'Cơ sở dữ liệu', 9.4),
(63, 'SV023', 'CNTT_A', 'HK1', 'Cơ sở dữ liệu', 7.1),
(64, 'SV024', 'CNTT_A', 'HK1', 'Cơ sở dữ liệu', 9.4),
(65, 'SV025', 'CNTT_A', 'HK1', 'Cơ sở dữ liệu', 9.6),
(66, 'SV026', 'CNTT_A', 'HK1', 'Cơ sở dữ liệu', 10),
(67, 'SV027', 'CNTT_A', 'HK1', 'Cơ sở dữ liệu', 5),
(68, 'SV028', 'CNTT_A', 'HK1', 'Cơ sở dữ liệu', 9.2),
(69, 'SV029', 'CNTT_A', 'HK1', 'Cơ sở dữ liệu', 8.8),
(70, 'SV030', 'CNTT_A', 'HK1', 'Cơ sở dữ liệu', 6.4),
(71, 'SV031', 'CNTT_A', 'HK1', 'Cơ sở dữ liệu', 7.8),
(72, 'SV032', 'CNTT_A', 'HK1', 'Cơ sở dữ liệu', 9.6),
(73, 'SV033', 'CNTT_A', 'HK1', 'Cơ sở dữ liệu', 8.7),
(74, 'SV034', 'CNTT_A', 'HK1', 'Cơ sở dữ liệu', 4.5),
(75, 'SV035', 'CNTT_A', 'HK1', 'Cơ sở dữ liệu', 4.4),
(76, 'SV036', 'CNTT_A', 'HK1', 'Cơ sở dữ liệu', 4.5),
(77, 'SV037', 'CNTT_A', 'HK1', 'Cơ sở dữ liệu', 5.5),
(78, 'SV038', 'CNTT_A', 'HK1', 'Cơ sở dữ liệu', 9.7),
(79, 'SV039', 'CNTT_A', 'HK1', 'Cơ sở dữ liệu', 4.1),
(80, 'SV040', 'CNTT_A', 'HK1', 'Cơ sở dữ liệu', 5.6),
(81, 'SV003', 'CNTT_A', 'HK1', 'Mạng máy tính', 5.4),
(82, 'SV004', 'CNTT_A', 'HK1', 'Mạng máy tính', 6.2),
(83, 'SV005', 'CNTT_A', 'HK1', 'Mạng máy tính', 4.9),
(84, 'SV006', 'CNTT_A', 'HK1', 'Mạng máy tính', 8.1),
(85, 'SV007', 'CNTT_A', 'HK1', 'Mạng máy tính', 9.6),
(86, 'SV008', 'CNTT_A', 'HK1', 'Mạng máy tính', 7.5),
(87, 'SV009', 'CNTT_A', 'HK1', 'Mạng máy tính', 5),
(88, 'SV01', 'CNTT_A', 'HK1', 'Mạng máy tính', 4.4),
(89, 'SV010', 'CNTT_A', 'HK1', 'Mạng máy tính', 9.1),
(90, 'SV011', 'CNTT_A', 'HK1', 'Mạng máy tính', 4.1),
(91, 'SV012', 'CNTT_A', 'HK1', 'Mạng máy tính', 7.1),
(92, 'SV013', 'CNTT_A', 'HK1', 'Mạng máy tính', 7.4),
(93, 'SV014', 'CNTT_A', 'HK1', 'Mạng máy tính', 5.7),
(94, 'SV015', 'CNTT_A', 'HK1', 'Mạng máy tính', 8.4),
(95, 'SV016', 'CNTT_A', 'HK1', 'Mạng máy tính', 9),
(96, 'SV017', 'CNTT_A', 'HK1', 'Mạng máy tính', 9.5),
(97, 'SV018', 'CNTT_A', 'HK1', 'Mạng máy tính', 4.6),
(98, 'SV019', 'CNTT_A', 'HK1', 'Mạng máy tính', 8.4),
(99, 'SV020', 'CNTT_A', 'HK1', 'Mạng máy tính', 6.4),
(100, 'SV021', 'CNTT_A', 'HK1', 'Mạng máy tính', 8.7),
(101, 'SV022', 'CNTT_A', 'HK1', 'Mạng máy tính', 8.5),
(102, 'SV023', 'CNTT_A', 'HK1', 'Mạng máy tính', 6.3),
(103, 'SV024', 'CNTT_A', 'HK1', 'Mạng máy tính', 8.2),
(104, 'SV025', 'CNTT_A', 'HK1', 'Mạng máy tính', 5.7),
(105, 'SV026', 'CNTT_A', 'HK1', 'Mạng máy tính', 6.2),
(106, 'SV027', 'CNTT_A', 'HK1', 'Mạng máy tính', 9.9),
(107, 'SV028', 'CNTT_A', 'HK1', 'Mạng máy tính', 8.9),
(108, 'SV029', 'CNTT_A', 'HK1', 'Mạng máy tính', 4.8),
(109, 'SV030', 'CNTT_A', 'HK1', 'Mạng máy tính', 5.1),
(110, 'SV031', 'CNTT_A', 'HK1', 'Mạng máy tính', 7.2),
(111, 'SV032', 'CNTT_A', 'HK1', 'Mạng máy tính', 4.9),
(112, 'SV033', 'CNTT_A', 'HK1', 'Mạng máy tính', 4.9),
(113, 'SV034', 'CNTT_A', 'HK1', 'Mạng máy tính', 5.6),
(114, 'SV035', 'CNTT_A', 'HK1', 'Mạng máy tính', 9.4),
(115, 'SV036', 'CNTT_A', 'HK1', 'Mạng máy tính', 8.4),
(116, 'SV037', 'CNTT_A', 'HK1', 'Mạng máy tính', 9.5),
(117, 'SV038', 'CNTT_A', 'HK1', 'Mạng máy tính', 6.6),
(118, 'SV039', 'CNTT_A', 'HK1', 'Mạng máy tính', 6.4),
(119, 'SV040', 'CNTT_A', 'HK1', 'Mạng máy tính', 8.2),
(120, 'SV003', 'CNTT_A', 'HK1', 'Trí tuệ nhân tạo', 5.9),
(121, 'SV004', 'CNTT_A', 'HK1', 'Trí tuệ nhân tạo', 6.6),
(122, 'SV005', 'CNTT_A', 'HK1', 'Trí tuệ nhân tạo', 5.5),
(123, 'SV006', 'CNTT_A', 'HK1', 'Trí tuệ nhân tạo', 9.8),
(124, 'SV007', 'CNTT_A', 'HK1', 'Trí tuệ nhân tạo', 4.5),
(125, 'SV008', 'CNTT_A', 'HK1', 'Trí tuệ nhân tạo', 7),
(126, 'SV009', 'CNTT_A', 'HK1', 'Trí tuệ nhân tạo', 5.5),
(127, 'SV01', 'CNTT_A', 'HK1', 'Trí tuệ nhân tạo', 8.6),
(128, 'SV010', 'CNTT_A', 'HK1', 'Trí tuệ nhân tạo', 4.2),
(129, 'SV011', 'CNTT_A', 'HK1', 'Trí tuệ nhân tạo', 9.5),
(130, 'SV012', 'CNTT_A', 'HK1', 'Trí tuệ nhân tạo', 6.8),
(131, 'SV013', 'CNTT_A', 'HK1', 'Trí tuệ nhân tạo', 7.5),
(132, 'SV014', 'CNTT_A', 'HK1', 'Trí tuệ nhân tạo', 7),
(133, 'SV015', 'CNTT_A', 'HK1', 'Trí tuệ nhân tạo', 8.7),
(134, 'SV016', 'CNTT_A', 'HK1', 'Trí tuệ nhân tạo', 6.6),
(135, 'SV017', 'CNTT_A', 'HK1', 'Trí tuệ nhân tạo', 8.7),
(136, 'SV018', 'CNTT_A', 'HK1', 'Trí tuệ nhân tạo', 7.9),
(137, 'SV019', 'CNTT_A', 'HK1', 'Trí tuệ nhân tạo', 9.4),
(138, 'SV020', 'CNTT_A', 'HK1', 'Trí tuệ nhân tạo', 7.1),
(139, 'SV021', 'CNTT_A', 'HK1', 'Trí tuệ nhân tạo', 9.2),
(140, 'SV022', 'CNTT_A', 'HK1', 'Trí tuệ nhân tạo', 9),
(141, 'SV023', 'CNTT_A', 'HK1', 'Trí tuệ nhân tạo', 7.3),
(142, 'SV024', 'CNTT_A', 'HK1', 'Trí tuệ nhân tạo', 5.3),
(143, 'SV025', 'CNTT_A', 'HK1', 'Trí tuệ nhân tạo', 6.6),
(144, 'SV026', 'CNTT_A', 'HK1', 'Trí tuệ nhân tạo', 7.3),
(145, 'SV027', 'CNTT_A', 'HK1', 'Trí tuệ nhân tạo', 6.7),
(146, 'SV028', 'CNTT_A', 'HK1', 'Trí tuệ nhân tạo', 7.7),
(147, 'SV029', 'CNTT_A', 'HK1', 'Trí tuệ nhân tạo', 8.1),
(148, 'SV030', 'CNTT_A', 'HK1', 'Trí tuệ nhân tạo', 7.5),
(149, 'SV031', 'CNTT_A', 'HK1', 'Trí tuệ nhân tạo', 9.4),
(150, 'SV032', 'CNTT_A', 'HK1', 'Trí tuệ nhân tạo', 8.2),
(151, 'SV033', 'CNTT_A', 'HK1', 'Trí tuệ nhân tạo', 9.1),
(152, 'SV034', 'CNTT_A', 'HK1', 'Trí tuệ nhân tạo', 4.9),
(153, 'SV035', 'CNTT_A', 'HK1', 'Trí tuệ nhân tạo', 5.3),
(154, 'SV036', 'CNTT_A', 'HK1', 'Trí tuệ nhân tạo', 7.7),
(155, 'SV037', 'CNTT_A', 'HK1', 'Trí tuệ nhân tạo', 6.5),
(156, 'SV038', 'CNTT_A', 'HK1', 'Trí tuệ nhân tạo', 5.3),
(157, 'SV039', 'CNTT_A', 'HK1', 'Trí tuệ nhân tạo', 9.2),
(158, 'SV040', 'CNTT_A', 'HK1', 'Trí tuệ nhân tạo', 8.2),
(159, 'SV003', 'CNTT_A', 'HK1', 'Lập trình C', 9.3),
(160, 'SV004', 'CNTT_A', 'HK1', 'Lập trình C', 6),
(161, 'SV005', 'CNTT_A', 'HK1', 'Lập trình C', 10),
(162, 'SV006', 'CNTT_A', 'HK1', 'Lập trình C', 9.9),
(163, 'SV007', 'CNTT_A', 'HK1', 'Lập trình C', 9.8),
(164, 'SV008', 'CNTT_A', 'HK1', 'Lập trình C', 9.1),
(165, 'SV009', 'CNTT_A', 'HK1', 'Lập trình C', 6.1),
(166, 'SV01', 'CNTT_A', 'HK1', 'Lập trình C', 5.4),
(167, 'SV010', 'CNTT_A', 'HK1', 'Lập trình C', 4.5),
(168, 'SV011', 'CNTT_A', 'HK1', 'Lập trình C', 8.1),
(169, 'SV012', 'CNTT_A', 'HK1', 'Lập trình C', 5.4),
(170, 'SV013', 'CNTT_A', 'HK1', 'Lập trình C', 4.5),
(171, 'SV014', 'CNTT_A', 'HK1', 'Lập trình C', 8.1),
(172, 'SV015', 'CNTT_A', 'HK1', 'Lập trình C', 5.2),
(173, 'SV016', 'CNTT_A', 'HK1', 'Lập trình C', 9.9),
(174, 'SV017', 'CNTT_A', 'HK1', 'Lập trình C', 5.6),
(175, 'SV018', 'CNTT_A', 'HK1', 'Lập trình C', 6.4),
(176, 'SV019', 'CNTT_A', 'HK1', 'Lập trình C', 5.2),
(177, 'SV020', 'CNTT_A', 'HK1', 'Lập trình C', 8.8),
(178, 'SV021', 'CNTT_A', 'HK1', 'Lập trình C', 6.2),
(179, 'SV022', 'CNTT_A', 'HK1', 'Lập trình C', 6.8),
(180, 'SV023', 'CNTT_A', 'HK1', 'Lập trình C', 5.3),
(181, 'SV024', 'CNTT_A', 'HK1', 'Lập trình C', 8.3),
(182, 'SV025', 'CNTT_A', 'HK1', 'Lập trình C', 9.6),
(183, 'SV026', 'CNTT_A', 'HK1', 'Lập trình C', 7.2),
(184, 'SV027', 'CNTT_A', 'HK1', 'Lập trình C', 9),
(185, 'SV028', 'CNTT_A', 'HK1', 'Lập trình C', 7.6),
(186, 'SV029', 'CNTT_A', 'HK1', 'Lập trình C', 6.8),
(187, 'SV030', 'CNTT_A', 'HK1', 'Lập trình C', 7.2),
(188, 'SV031', 'CNTT_A', 'HK1', 'Lập trình C', 5.6),
(189, 'SV032', 'CNTT_A', 'HK1', 'Lập trình C', 8.6),
(190, 'SV033', 'CNTT_A', 'HK1', 'Lập trình C', 10),
(191, 'SV034', 'CNTT_A', 'HK1', 'Lập trình C', 8.2),
(192, 'SV035', 'CNTT_A', 'HK1', 'Lập trình C', 7.1),
(193, 'SV036', 'CNTT_A', 'HK1', 'Lập trình C', 6.8),
(194, 'SV037', 'CNTT_A', 'HK1', 'Lập trình C', 8.6),
(195, 'SV038', 'CNTT_A', 'HK1', 'Lập trình C', 6.6),
(196, 'SV039', 'CNTT_A', 'HK1', 'Lập trình C', 9.3),
(197, 'SV040', 'CNTT_A', 'HK1', 'Lập trình C', 4.5),
(198, 'SV003', 'CNTT_A', 'HK1', 'Cơ sở dữ liệu', 8.8),
(199, 'SV004', 'CNTT_A', 'HK1', 'Cơ sở dữ liệu', 8.2),
(200, 'SV005', 'CNTT_A', 'HK1', 'Cơ sở dữ liệu', 4.9),
(201, 'SV006', 'CNTT_A', 'HK1', 'Cơ sở dữ liệu', 7.9),
(202, 'SV007', 'CNTT_A', 'HK1', 'Cơ sở dữ liệu', 8.8),
(203, 'SV008', 'CNTT_A', 'HK1', 'Cơ sở dữ liệu', 4.2),
(204, 'SV009', 'CNTT_A', 'HK1', 'Cơ sở dữ liệu', 8.6),
(205, 'SV01', 'CNTT_A', 'HK1', 'Cơ sở dữ liệu', 8.5),
(206, 'SV010', 'CNTT_A', 'HK1', 'Cơ sở dữ liệu', 6.8),
(207, 'SV011', 'CNTT_A', 'HK1', 'Cơ sở dữ liệu', 4.4),
(208, 'SV012', 'CNTT_A', 'HK1', 'Cơ sở dữ liệu', 9.4),
(209, 'SV013', 'CNTT_A', 'HK1', 'Cơ sở dữ liệu', 6.1),
(210, 'SV014', 'CNTT_A', 'HK1', 'Cơ sở dữ liệu', 4),
(211, 'SV015', 'CNTT_A', 'HK1', 'Cơ sở dữ liệu', 4),
(212, 'SV016', 'CNTT_A', 'HK1', 'Cơ sở dữ liệu', 10),
(213, 'SV017', 'CNTT_A', 'HK1', 'Cơ sở dữ liệu', 9.8),
(214, 'SV018', 'CNTT_A', 'HK1', 'Cơ sở dữ liệu', 9.1),
(215, 'SV019', 'CNTT_A', 'HK1', 'Cơ sở dữ liệu', 6.1),
(216, 'SV020', 'CNTT_A', 'HK1', 'Cơ sở dữ liệu', 5.1),
(217, 'SV021', 'CNTT_A', 'HK1', 'Cơ sở dữ liệu', 9.3),
(218, 'SV022', 'CNTT_A', 'HK1', 'Cơ sở dữ liệu', 9.1),
(219, 'SV023', 'CNTT_A', 'HK1', 'Cơ sở dữ liệu', 7.7),
(220, 'SV024', 'CNTT_A', 'HK1', 'Cơ sở dữ liệu', 7.2),
(221, 'SV025', 'CNTT_A', 'HK1', 'Cơ sở dữ liệu', 8.8),
(222, 'SV026', 'CNTT_A', 'HK1', 'Cơ sở dữ liệu', 6.4),
(223, 'SV027', 'CNTT_A', 'HK1', 'Cơ sở dữ liệu', 7.6),
(224, 'SV028', 'CNTT_A', 'HK1', 'Cơ sở dữ liệu', 8.7),
(225, 'SV029', 'CNTT_A', 'HK1', 'Cơ sở dữ liệu', 4.8),
(226, 'SV030', 'CNTT_A', 'HK1', 'Cơ sở dữ liệu', 6),
(227, 'SV031', 'CNTT_A', 'HK1', 'Cơ sở dữ liệu', 5.7),
(228, 'SV032', 'CNTT_A', 'HK1', 'Cơ sở dữ liệu', 6.4),
(229, 'SV033', 'CNTT_A', 'HK1', 'Cơ sở dữ liệu', 4.9),
(230, 'SV034', 'CNTT_A', 'HK1', 'Cơ sở dữ liệu', 7.1),
(231, 'SV035', 'CNTT_A', 'HK1', 'Cơ sở dữ liệu', 5.1),
(232, 'SV036', 'CNTT_A', 'HK1', 'Cơ sở dữ liệu', 5.9),
(233, 'SV037', 'CNTT_A', 'HK1', 'Cơ sở dữ liệu', 4.5),
(234, 'SV038', 'CNTT_A', 'HK1', 'Cơ sở dữ liệu', 6.6),
(235, 'SV039', 'CNTT_A', 'HK1', 'Cơ sở dữ liệu', 9.4),
(236, 'SV040', 'CNTT_A', 'HK1', 'Cơ sở dữ liệu', 5.2),
(237, 'SV003', 'CNTT_A', 'HK1', 'Toán rời rạc', 5.7),
(238, 'SV004', 'CNTT_A', 'HK1', 'Toán rời rạc', 9),
(239, 'SV005', 'CNTT_A', 'HK1', 'Toán rời rạc', 5.9),
(240, 'SV006', 'CNTT_A', 'HK1', 'Toán rời rạc', 4.5),
(241, 'SV007', 'CNTT_A', 'HK1', 'Toán rời rạc', 7),
(242, 'SV008', 'CNTT_A', 'HK1', 'Toán rời rạc', 5.4),
(243, 'SV009', 'CNTT_A', 'HK1', 'Toán rời rạc', 8),
(244, 'SV01', 'CNTT_A', 'HK1', 'Toán rời rạc', 7.8),
(245, 'SV010', 'CNTT_A', 'HK1', 'Toán rời rạc', 4.9),
(246, 'SV011', 'CNTT_A', 'HK1', 'Toán rời rạc', 9.3),
(247, 'SV012', 'CNTT_A', 'HK1', 'Toán rời rạc', 9.7),
(248, 'SV013', 'CNTT_A', 'HK1', 'Toán rời rạc', 4.5),
(249, 'SV014', 'CNTT_A', 'HK1', 'Toán rời rạc', 7.6),
(250, 'SV015', 'CNTT_A', 'HK1', 'Toán rời rạc', 8.4),
(251, 'SV016', 'CNTT_A', 'HK1', 'Toán rời rạc', 9.3),
(252, 'SV017', 'CNTT_A', 'HK1', 'Toán rời rạc', 5.3),
(253, 'SV018', 'CNTT_A', 'HK1', 'Toán rời rạc', 6.5),
(254, 'SV019', 'CNTT_A', 'HK1', 'Toán rời rạc', 6.6),
(255, 'SV020', 'CNTT_A', 'HK1', 'Toán rời rạc', 9.5),
(256, 'SV021', 'CNTT_A', 'HK1', 'Toán rời rạc', 5.8),
(257, 'SV022', 'CNTT_A', 'HK1', 'Toán rời rạc', 8.4),
(258, 'SV023', 'CNTT_A', 'HK1', 'Toán rời rạc', 8.7),
(259, 'SV024', 'CNTT_A', 'HK1', 'Toán rời rạc', 8.4),
(260, 'SV025', 'CNTT_A', 'HK1', 'Toán rời rạc', 5.7),
(261, 'SV026', 'CNTT_A', 'HK1', 'Toán rời rạc', 5.3),
(262, 'SV027', 'CNTT_A', 'HK1', 'Toán rời rạc', 5.4),
(263, 'SV028', 'CNTT_A', 'HK1', 'Toán rời rạc', 7.3),
(264, 'SV029', 'CNTT_A', 'HK1', 'Toán rời rạc', 4.4),
(265, 'SV030', 'CNTT_A', 'HK1', 'Toán rời rạc', 7.8),
(266, 'SV031', 'CNTT_A', 'HK1', 'Toán rời rạc', 9.7),
(267, 'SV032', 'CNTT_A', 'HK1', 'Toán rời rạc', 9.2),
(268, 'SV033', 'CNTT_A', 'HK1', 'Toán rời rạc', 7),
(269, 'SV034', 'CNTT_A', 'HK1', 'Toán rời rạc', 9.4),
(270, 'SV035', 'CNTT_A', 'HK1', 'Toán rời rạc', 10),
(271, 'SV036', 'CNTT_A', 'HK1', 'Toán rời rạc', 5.6),
(272, 'SV037', 'CNTT_A', 'HK1', 'Toán rời rạc', 6.1),
(273, 'SV038', 'CNTT_A', 'HK1', 'Toán rời rạc', 9.7),
(274, 'SV039', 'CNTT_A', 'HK1', 'Toán rời rạc', 8.1),
(275, 'SV040', 'CNTT_A', 'HK1', 'Toán rời rạc', 7.5),
(276, 'SV003', 'CNTT_A', 'HK1', 'Nhập môn CNTT', 9.3),
(277, 'SV004', 'CNTT_A', 'HK1', 'Nhập môn CNTT', 8.1),
(278, 'SV005', 'CNTT_A', 'HK1', 'Nhập môn CNTT', 8.4),
(279, 'SV006', 'CNTT_A', 'HK1', 'Nhập môn CNTT', 7.7),
(280, 'SV007', 'CNTT_A', 'HK1', 'Nhập môn CNTT', 9.4),
(281, 'SV008', 'CNTT_A', 'HK1', 'Nhập môn CNTT', 7.7),
(282, 'SV009', 'CNTT_A', 'HK1', 'Nhập môn CNTT', 6.6),
(283, 'SV01', 'CNTT_A', 'HK1', 'Nhập môn CNTT', 5.8),
(284, 'SV010', 'CNTT_A', 'HK1', 'Nhập môn CNTT', 5.3),
(285, 'SV011', 'CNTT_A', 'HK1', 'Nhập môn CNTT', 5.1),
(286, 'SV012', 'CNTT_A', 'HK1', 'Nhập môn CNTT', 5.8),
(287, 'SV013', 'CNTT_A', 'HK1', 'Nhập môn CNTT', 9.3),
(288, 'SV014', 'CNTT_A', 'HK1', 'Nhập môn CNTT', 7.3),
(289, 'SV015', 'CNTT_A', 'HK1', 'Nhập môn CNTT', 4.7),
(290, 'SV016', 'CNTT_A', 'HK1', 'Nhập môn CNTT', 9.5),
(291, 'SV017', 'CNTT_A', 'HK1', 'Nhập môn CNTT', 5.3),
(292, 'SV018', 'CNTT_A', 'HK1', 'Nhập môn CNTT', 6.2),
(293, 'SV019', 'CNTT_A', 'HK1', 'Nhập môn CNTT', 4.8),
(294, 'SV020', 'CNTT_A', 'HK1', 'Nhập môn CNTT', 7.7),
(295, 'SV021', 'CNTT_A', 'HK1', 'Nhập môn CNTT', 8),
(296, 'SV022', 'CNTT_A', 'HK1', 'Nhập môn CNTT', 6.9),
(297, 'SV023', 'CNTT_A', 'HK1', 'Nhập môn CNTT', 6.7),
(298, 'SV024', 'CNTT_A', 'HK1', 'Nhập môn CNTT', 8.5),
(299, 'SV025', 'CNTT_A', 'HK1', 'Nhập môn CNTT', 6.6),
(300, 'SV026', 'CNTT_A', 'HK1', 'Nhập môn CNTT', 9.6),
(301, 'SV027', 'CNTT_A', 'HK1', 'Nhập môn CNTT', 6.3),
(302, 'SV028', 'CNTT_A', 'HK1', 'Nhập môn CNTT', 4.5),
(303, 'SV029', 'CNTT_A', 'HK1', 'Nhập môn CNTT', 5.7),
(304, 'SV030', 'CNTT_A', 'HK1', 'Nhập môn CNTT', 4.8),
(305, 'SV031', 'CNTT_A', 'HK1', 'Nhập môn CNTT', 8.8),
(306, 'SV032', 'CNTT_A', 'HK1', 'Nhập môn CNTT', 7.8),
(307, 'SV033', 'CNTT_A', 'HK1', 'Nhập môn CNTT', 8.4),
(308, 'SV034', 'CNTT_A', 'HK1', 'Nhập môn CNTT', 8.8),
(309, 'SV035', 'CNTT_A', 'HK1', 'Nhập môn CNTT', 8.8),
(310, 'SV036', 'CNTT_A', 'HK1', 'Nhập môn CNTT', 7.8),
(311, 'SV037', 'CNTT_A', 'HK1', 'Nhập môn CNTT', 8.2),
(312, 'SV038', 'CNTT_A', 'HK1', 'Nhập môn CNTT', 7.8),
(313, 'SV039', 'CNTT_A', 'HK1', 'Nhập môn CNTT', 4.6),
(314, 'SV040', 'CNTT_A', 'HK1', 'Nhập môn CNTT', 7.3),
(315, 'SV003', 'CNTT_A', 'HK2', 'Lập trình OOP', 6.9),
(316, 'SV004', 'CNTT_A', 'HK2', 'Lập trình OOP', 8.4),
(317, 'SV005', 'CNTT_A', 'HK2', 'Lập trình OOP', 5.2),
(318, 'SV006', 'CNTT_A', 'HK2', 'Lập trình OOP', 8.8),
(319, 'SV007', 'CNTT_A', 'HK2', 'Lập trình OOP', 6.6),
(320, 'SV008', 'CNTT_A', 'HK2', 'Lập trình OOP', 8.7),
(321, 'SV009', 'CNTT_A', 'HK2', 'Lập trình OOP', 7.7),
(322, 'SV01', 'CNTT_A', 'HK2', 'Lập trình OOP', 8.5),
(323, 'SV010', 'CNTT_A', 'HK2', 'Lập trình OOP', 9.1),
(324, 'SV011', 'CNTT_A', 'HK2', 'Lập trình OOP', 4.2),
(325, 'SV012', 'CNTT_A', 'HK2', 'Lập trình OOP', 7.7),
(326, 'SV013', 'CNTT_A', 'HK2', 'Lập trình OOP', 9.7),
(327, 'SV014', 'CNTT_A', 'HK2', 'Lập trình OOP', 9.4),
(328, 'SV015', 'CNTT_A', 'HK2', 'Lập trình OOP', 8.2),
(329, 'SV016', 'CNTT_A', 'HK2', 'Lập trình OOP', 8.5),
(330, 'SV017', 'CNTT_A', 'HK2', 'Lập trình OOP', 7.9),
(331, 'SV018', 'CNTT_A', 'HK2', 'Lập trình OOP', 4.1),
(332, 'SV019', 'CNTT_A', 'HK2', 'Lập trình OOP', 4.8),
(333, 'SV020', 'CNTT_A', 'HK2', 'Lập trình OOP', 7.8),
(334, 'SV021', 'CNTT_A', 'HK2', 'Lập trình OOP', 8.5),
(335, 'SV022', 'CNTT_A', 'HK2', 'Lập trình OOP', 9.2),
(336, 'SV023', 'CNTT_A', 'HK2', 'Lập trình OOP', 4.4),
(337, 'SV024', 'CNTT_A', 'HK2', 'Lập trình OOP', 8.6),
(338, 'SV025', 'CNTT_A', 'HK2', 'Lập trình OOP', 7.5),
(339, 'SV026', 'CNTT_A', 'HK2', 'Lập trình OOP', 7.8),
(340, 'SV027', 'CNTT_A', 'HK2', 'Lập trình OOP', 6.3),
(341, 'SV028', 'CNTT_A', 'HK2', 'Lập trình OOP', 4.3),
(342, 'SV029', 'CNTT_A', 'HK2', 'Lập trình OOP', 4.6),
(343, 'SV030', 'CNTT_A', 'HK2', 'Lập trình OOP', 6.1),
(344, 'SV031', 'CNTT_A', 'HK2', 'Lập trình OOP', 6.7),
(345, 'SV032', 'CNTT_A', 'HK2', 'Lập trình OOP', 5.1),
(346, 'SV033', 'CNTT_A', 'HK2', 'Lập trình OOP', 7.4),
(347, 'SV034', 'CNTT_A', 'HK2', 'Lập trình OOP', 5.6),
(348, 'SV035', 'CNTT_A', 'HK2', 'Lập trình OOP', 7.7),
(349, 'SV036', 'CNTT_A', 'HK2', 'Lập trình OOP', 5.9),
(350, 'SV037', 'CNTT_A', 'HK2', 'Lập trình OOP', 8.2),
(351, 'SV038', 'CNTT_A', 'HK2', 'Lập trình OOP', 7.5),
(352, 'SV039', 'CNTT_A', 'HK2', 'Lập trình OOP', 9),
(353, 'SV040', 'CNTT_A', 'HK2', 'Lập trình OOP', 6.2),
(354, 'SV003', 'CNTT_A', 'HK2', 'Cấu trúc dữ liệu', 6.1),
(355, 'SV004', 'CNTT_A', 'HK2', 'Cấu trúc dữ liệu', 7.8),
(356, 'SV005', 'CNTT_A', 'HK2', 'Cấu trúc dữ liệu', 5),
(357, 'SV006', 'CNTT_A', 'HK2', 'Cấu trúc dữ liệu', 9.3),
(358, 'SV007', 'CNTT_A', 'HK2', 'Cấu trúc dữ liệu', 9.7),
(359, 'SV008', 'CNTT_A', 'HK2', 'Cấu trúc dữ liệu', 4.5),
(360, 'SV009', 'CNTT_A', 'HK2', 'Cấu trúc dữ liệu', 7.6),
(361, 'SV01', 'CNTT_A', 'HK2', 'Cấu trúc dữ liệu', 8.4),
(362, 'SV010', 'CNTT_A', 'HK2', 'Cấu trúc dữ liệu', 9),
(363, 'SV011', 'CNTT_A', 'HK2', 'Cấu trúc dữ liệu', 4.1),
(364, 'SV012', 'CNTT_A', 'HK2', 'Cấu trúc dữ liệu', 7.5),
(365, 'SV013', 'CNTT_A', 'HK2', 'Cấu trúc dữ liệu', 9.1),
(366, 'SV014', 'CNTT_A', 'HK2', 'Cấu trúc dữ liệu', 6.8),
(367, 'SV015', 'CNTT_A', 'HK2', 'Cấu trúc dữ liệu', 8.9),
(368, 'SV016', 'CNTT_A', 'HK2', 'Cấu trúc dữ liệu', 8.2),
(369, 'SV017', 'CNTT_A', 'HK2', 'Cấu trúc dữ liệu', 4.1),
(370, 'SV018', 'CNTT_A', 'HK2', 'Cấu trúc dữ liệu', 9.8),
(371, 'SV019', 'CNTT_A', 'HK2', 'Cấu trúc dữ liệu', 8.9),
(372, 'SV020', 'CNTT_A', 'HK2', 'Cấu trúc dữ liệu', 5),
(373, 'SV021', 'CNTT_A', 'HK2', 'Cấu trúc dữ liệu', 6.4),
(374, 'SV022', 'CNTT_A', 'HK2', 'Cấu trúc dữ liệu', 6.9),
(375, 'SV023', 'CNTT_A', 'HK2', 'Cấu trúc dữ liệu', 5.4),
(376, 'SV024', 'CNTT_A', 'HK2', 'Cấu trúc dữ liệu', 8.2),
(377, 'SV025', 'CNTT_A', 'HK2', 'Cấu trúc dữ liệu', 9),
(378, 'SV026', 'CNTT_A', 'HK2', 'Cấu trúc dữ liệu', 4.3),
(379, 'SV027', 'CNTT_A', 'HK2', 'Cấu trúc dữ liệu', 8.5),
(380, 'SV028', 'CNTT_A', 'HK2', 'Cấu trúc dữ liệu', 7.5),
(381, 'SV029', 'CNTT_A', 'HK2', 'Cấu trúc dữ liệu', 7.9),
(382, 'SV030', 'CNTT_A', 'HK2', 'Cấu trúc dữ liệu', 7.3),
(383, 'SV031', 'CNTT_A', 'HK2', 'Cấu trúc dữ liệu', 8.7),
(384, 'SV032', 'CNTT_A', 'HK2', 'Cấu trúc dữ liệu', 5.6),
(385, 'SV033', 'CNTT_A', 'HK2', 'Cấu trúc dữ liệu', 4),
(386, 'SV034', 'CNTT_A', 'HK2', 'Cấu trúc dữ liệu', 5.3),
(387, 'SV035', 'CNTT_A', 'HK2', 'Cấu trúc dữ liệu', 4.2),
(388, 'SV036', 'CNTT_A', 'HK2', 'Cấu trúc dữ liệu', 7.4),
(389, 'SV037', 'CNTT_A', 'HK2', 'Cấu trúc dữ liệu', 8.2),
(390, 'SV038', 'CNTT_A', 'HK2', 'Cấu trúc dữ liệu', 9.1),
(391, 'SV039', 'CNTT_A', 'HK2', 'Cấu trúc dữ liệu', 4.6),
(392, 'SV040', 'CNTT_A', 'HK2', 'Cấu trúc dữ liệu', 9.7),
(393, 'SV003', 'CNTT_A', 'HK2', 'Mạng máy tính', 6.9),
(394, 'SV004', 'CNTT_A', 'HK2', 'Mạng máy tính', 7.2),
(395, 'SV005', 'CNTT_A', 'HK2', 'Mạng máy tính', 5.3),
(396, 'SV006', 'CNTT_A', 'HK2', 'Mạng máy tính', 6.9),
(397, 'SV007', 'CNTT_A', 'HK2', 'Mạng máy tính', 8.6),
(398, 'SV008', 'CNTT_A', 'HK2', 'Mạng máy tính', 6.2),
(399, 'SV009', 'CNTT_A', 'HK2', 'Mạng máy tính', 7.1),
(400, 'SV01', 'CNTT_A', 'HK2', 'Mạng máy tính', 7),
(401, 'SV010', 'CNTT_A', 'HK2', 'Mạng máy tính', 9.5),
(402, 'SV011', 'CNTT_A', 'HK2', 'Mạng máy tính', 4.9),
(403, 'SV012', 'CNTT_A', 'HK2', 'Mạng máy tính', 9.6),
(404, 'SV013', 'CNTT_A', 'HK2', 'Mạng máy tính', 5.6),
(405, 'SV014', 'CNTT_A', 'HK2', 'Mạng máy tính', 7),
(406, 'SV015', 'CNTT_A', 'HK2', 'Mạng máy tính', 8.1),
(407, 'SV016', 'CNTT_A', 'HK2', 'Mạng máy tính', 9.7),
(408, 'SV017', 'CNTT_A', 'HK2', 'Mạng máy tính', 8.3),
(409, 'SV018', 'CNTT_A', 'HK2', 'Mạng máy tính', 8.2),
(410, 'SV019', 'CNTT_A', 'HK2', 'Mạng máy tính', 6.1),
(411, 'SV020', 'CNTT_A', 'HK2', 'Mạng máy tính', 7.8),
(412, 'SV021', 'CNTT_A', 'HK2', 'Mạng máy tính', 4.8),
(413, 'SV022', 'CNTT_A', 'HK2', 'Mạng máy tính', 8.6),
(414, 'SV023', 'CNTT_A', 'HK2', 'Mạng máy tính', 6.5),
(415, 'SV024', 'CNTT_A', 'HK2', 'Mạng máy tính', 8.7),
(416, 'SV025', 'CNTT_A', 'HK2', 'Mạng máy tính', 7.9),
(417, 'SV026', 'CNTT_A', 'HK2', 'Mạng máy tính', 9.5),
(418, 'SV027', 'CNTT_A', 'HK2', 'Mạng máy tính', 7.7),
(419, 'SV028', 'CNTT_A', 'HK2', 'Mạng máy tính', 6.2),
(420, 'SV029', 'CNTT_A', 'HK2', 'Mạng máy tính', 9.7),
(421, 'SV030', 'CNTT_A', 'HK2', 'Mạng máy tính', 8.2),
(422, 'SV031', 'CNTT_A', 'HK2', 'Mạng máy tính', 7.7),
(423, 'SV032', 'CNTT_A', 'HK2', 'Mạng máy tính', 9.8),
(424, 'SV033', 'CNTT_A', 'HK2', 'Mạng máy tính', 4.1),
(425, 'SV034', 'CNTT_A', 'HK2', 'Mạng máy tính', 5.1),
(426, 'SV035', 'CNTT_A', 'HK2', 'Mạng máy tính', 9.3),
(427, 'SV036', 'CNTT_A', 'HK2', 'Mạng máy tính', 9),
(428, 'SV037', 'CNTT_A', 'HK2', 'Mạng máy tính', 7.2),
(429, 'SV038', 'CNTT_A', 'HK2', 'Mạng máy tính', 5.1),
(430, 'SV039', 'CNTT_A', 'HK2', 'Mạng máy tính', 6),
(431, 'SV040', 'CNTT_A', 'HK2', 'Mạng máy tính', 4.6),
(432, 'SV003', 'CNTT_A', 'HK2', 'Trí tuệ nhân tạo', 6.8),
(433, 'SV004', 'CNTT_A', 'HK2', 'Trí tuệ nhân tạo', 4.3),
(434, 'SV005', 'CNTT_A', 'HK2', 'Trí tuệ nhân tạo', 9.1),
(435, 'SV006', 'CNTT_A', 'HK2', 'Trí tuệ nhân tạo', 4.6),
(436, 'SV007', 'CNTT_A', 'HK2', 'Trí tuệ nhân tạo', 9.5),
(437, 'SV008', 'CNTT_A', 'HK2', 'Trí tuệ nhân tạo', 5.9),
(438, 'SV009', 'CNTT_A', 'HK2', 'Trí tuệ nhân tạo', 9.1),
(439, 'SV01', 'CNTT_A', 'HK2', 'Trí tuệ nhân tạo', 5.7),
(440, 'SV010', 'CNTT_A', 'HK2', 'Trí tuệ nhân tạo', 9.2),
(441, 'SV011', 'CNTT_A', 'HK2', 'Trí tuệ nhân tạo', 7),
(442, 'SV012', 'CNTT_A', 'HK2', 'Trí tuệ nhân tạo', 9.4),
(443, 'SV013', 'CNTT_A', 'HK2', 'Trí tuệ nhân tạo', 9.8),
(444, 'SV014', 'CNTT_A', 'HK2', 'Trí tuệ nhân tạo', 4.8),
(445, 'SV015', 'CNTT_A', 'HK2', 'Trí tuệ nhân tạo', 8.8),
(446, 'SV016', 'CNTT_A', 'HK2', 'Trí tuệ nhân tạo', 7.6),
(447, 'SV017', 'CNTT_A', 'HK2', 'Trí tuệ nhân tạo', 7.5),
(448, 'SV018', 'CNTT_A', 'HK2', 'Trí tuệ nhân tạo', 4.8),
(449, 'SV019', 'CNTT_A', 'HK2', 'Trí tuệ nhân tạo', 9.6),
(450, 'SV020', 'CNTT_A', 'HK2', 'Trí tuệ nhân tạo', 5.3),
(451, 'SV021', 'CNTT_A', 'HK2', 'Trí tuệ nhân tạo', 5.9),
(452, 'SV022', 'CNTT_A', 'HK2', 'Trí tuệ nhân tạo', 9.5),
(453, 'SV023', 'CNTT_A', 'HK2', 'Trí tuệ nhân tạo', 7.9),
(454, 'SV024', 'CNTT_A', 'HK2', 'Trí tuệ nhân tạo', 6.9),
(455, 'SV025', 'CNTT_A', 'HK2', 'Trí tuệ nhân tạo', 6.7),
(456, 'SV026', 'CNTT_A', 'HK2', 'Trí tuệ nhân tạo', 8.8),
(457, 'SV027', 'CNTT_A', 'HK2', 'Trí tuệ nhân tạo', 7.9),
(458, 'SV028', 'CNTT_A', 'HK2', 'Trí tuệ nhân tạo', 9.3),
(459, 'SV029', 'CNTT_A', 'HK2', 'Trí tuệ nhân tạo', 6.7),
(460, 'SV030', 'CNTT_A', 'HK2', 'Trí tuệ nhân tạo', 7.7),
(461, 'SV031', 'CNTT_A', 'HK2', 'Trí tuệ nhân tạo', 8.5),
(462, 'SV032', 'CNTT_A', 'HK2', 'Trí tuệ nhân tạo', 9.1),
(463, 'SV033', 'CNTT_A', 'HK2', 'Trí tuệ nhân tạo', 4.2),
(464, 'SV034', 'CNTT_A', 'HK2', 'Trí tuệ nhân tạo', 7.8),
(465, 'SV035', 'CNTT_A', 'HK2', 'Trí tuệ nhân tạo', 4.3),
(466, 'SV036', 'CNTT_A', 'HK2', 'Trí tuệ nhân tạo', 5.9),
(467, 'SV037', 'CNTT_A', 'HK2', 'Trí tuệ nhân tạo', 6.7),
(468, 'SV038', 'CNTT_A', 'HK2', 'Trí tuệ nhân tạo', 5.7),
(469, 'SV039', 'CNTT_A', 'HK2', 'Trí tuệ nhân tạo', 4.6),
(470, 'SV040', 'CNTT_A', 'HK2', 'Trí tuệ nhân tạo', 7.7),
(471, 'SV041', 'CNTT_B', 'HK1', 'Lập trình C', 8.6),
(472, 'SV042', 'CNTT_B', 'HK1', 'Lập trình C', 4.2),
(473, 'SV043', 'CNTT_B', 'HK1', 'Lập trình C', 9.1),
(474, 'SV044', 'CNTT_B', 'HK1', 'Lập trình C', 4.8),
(475, 'SV045', 'CNTT_B', 'HK1', 'Lập trình C', 4.7),
(476, 'SV046', 'CNTT_B', 'HK1', 'Lập trình C', 5),
(477, 'SV047', 'CNTT_B', 'HK1', 'Lập trình C', 6.9),
(478, 'SV048', 'CNTT_B', 'HK1', 'Lập trình C', 9.7),
(479, 'SV049', 'CNTT_B', 'HK1', 'Lập trình C', 5.7),
(480, 'SV050', 'CNTT_B', 'HK1', 'Lập trình C', 7.6),
(481, 'SV051', 'CNTT_B', 'HK1', 'Lập trình C', 4.8),
(482, 'SV052', 'CNTT_B', 'HK1', 'Lập trình C', 9.3),
(483, 'SV053', 'CNTT_B', 'HK1', 'Lập trình C', 9.9),
(484, 'SV054', 'CNTT_B', 'HK1', 'Lập trình C', 5.7),
(485, 'SV055', 'CNTT_B', 'HK1', 'Lập trình C', 6.8),
(486, 'SV056', 'CNTT_B', 'HK1', 'Lập trình C', 6.8),
(487, 'SV057', 'CNTT_B', 'HK1', 'Lập trình C', 9.5),
(488, 'SV058', 'CNTT_B', 'HK1', 'Lập trình C', 5.3),
(489, 'SV059', 'CNTT_B', 'HK1', 'Lập trình C', 6),
(490, 'SV060', 'CNTT_B', 'HK1', 'Lập trình C', 4.2),
(491, 'SV061', 'CNTT_B', 'HK1', 'Lập trình C', 4.8),
(492, 'SV062', 'CNTT_B', 'HK1', 'Lập trình C', 7.4),
(493, 'SV063', 'CNTT_B', 'HK1', 'Lập trình C', 6.5),
(494, 'SV064', 'CNTT_B', 'HK1', 'Lập trình C', 6.6),
(495, 'SV065', 'CNTT_B', 'HK1', 'Lập trình C', 9.3),
(496, 'SV066', 'CNTT_B', 'HK1', 'Lập trình C', 4.9),
(497, 'SV067', 'CNTT_B', 'HK1', 'Lập trình C', 4.6),
(498, 'SV068', 'CNTT_B', 'HK1', 'Lập trình C', 4.2),
(499, 'SV069', 'CNTT_B', 'HK1', 'Lập trình C', 9.1),
(500, 'SV070', 'CNTT_B', 'HK1', 'Lập trình C', 5),
(501, 'SV071', 'CNTT_B', 'HK1', 'Lập trình C', 5.5),
(502, 'SV072', 'CNTT_B', 'HK1', 'Lập trình C', 8.7),
(503, 'SV073', 'CNTT_B', 'HK1', 'Lập trình C', 5),
(504, 'SV074', 'CNTT_B', 'HK1', 'Lập trình C', 6.8),
(505, 'SV075', 'CNTT_B', 'HK1', 'Lập trình C', 8.9),
(506, 'SV076', 'CNTT_B', 'HK1', 'Lập trình C', 8.3),
(507, 'SV077', 'CNTT_B', 'HK1', 'Lập trình C', 4.6),
(508, 'SV078', 'CNTT_B', 'HK1', 'Lập trình C', 6.4),
(509, 'SV079', 'CNTT_B', 'HK1', 'Lập trình C', 8.1),
(510, 'SV080', 'CNTT_B', 'HK1', 'Lập trình C', 5.1),
(511, 'SV041', 'CNTT_B', 'HK1', 'Cơ sở dữ liệu', 9.5),
(512, 'SV042', 'CNTT_B', 'HK1', 'Cơ sở dữ liệu', 9.9),
(513, 'SV043', 'CNTT_B', 'HK1', 'Cơ sở dữ liệu', 5),
(514, 'SV044', 'CNTT_B', 'HK1', 'Cơ sở dữ liệu', 9.5),
(515, 'SV045', 'CNTT_B', 'HK1', 'Cơ sở dữ liệu', 4.6),
(516, 'SV046', 'CNTT_B', 'HK1', 'Cơ sở dữ liệu', 8.4),
(517, 'SV047', 'CNTT_B', 'HK1', 'Cơ sở dữ liệu', 6.2),
(518, 'SV048', 'CNTT_B', 'HK1', 'Cơ sở dữ liệu', 7.7),
(519, 'SV049', 'CNTT_B', 'HK1', 'Cơ sở dữ liệu', 9.9),
(520, 'SV050', 'CNTT_B', 'HK1', 'Cơ sở dữ liệu', 4.6),
(521, 'SV051', 'CNTT_B', 'HK1', 'Cơ sở dữ liệu', 7.4),
(522, 'SV052', 'CNTT_B', 'HK1', 'Cơ sở dữ liệu', 6.9),
(523, 'SV053', 'CNTT_B', 'HK1', 'Cơ sở dữ liệu', 8.6),
(524, 'SV054', 'CNTT_B', 'HK1', 'Cơ sở dữ liệu', 6),
(525, 'SV055', 'CNTT_B', 'HK1', 'Cơ sở dữ liệu', 6.2),
(526, 'SV056', 'CNTT_B', 'HK1', 'Cơ sở dữ liệu', 9.2),
(527, 'SV057', 'CNTT_B', 'HK1', 'Cơ sở dữ liệu', 5.2),
(528, 'SV058', 'CNTT_B', 'HK1', 'Cơ sở dữ liệu', 6.4),
(529, 'SV059', 'CNTT_B', 'HK1', 'Cơ sở dữ liệu', 6.3),
(530, 'SV060', 'CNTT_B', 'HK1', 'Cơ sở dữ liệu', 8.2),
(531, 'SV061', 'CNTT_B', 'HK1', 'Cơ sở dữ liệu', 6.3),
(532, 'SV062', 'CNTT_B', 'HK1', 'Cơ sở dữ liệu', 8.8),
(533, 'SV063', 'CNTT_B', 'HK1', 'Cơ sở dữ liệu', 9),
(534, 'SV064', 'CNTT_B', 'HK1', 'Cơ sở dữ liệu', 8.9),
(535, 'SV065', 'CNTT_B', 'HK1', 'Cơ sở dữ liệu', 7.4),
(536, 'SV066', 'CNTT_B', 'HK1', 'Cơ sở dữ liệu', 6.2),
(537, 'SV067', 'CNTT_B', 'HK1', 'Cơ sở dữ liệu', 4.7),
(538, 'SV068', 'CNTT_B', 'HK1', 'Cơ sở dữ liệu', 6.9),
(539, 'SV069', 'CNTT_B', 'HK1', 'Cơ sở dữ liệu', 4.3),
(540, 'SV070', 'CNTT_B', 'HK1', 'Cơ sở dữ liệu', 8.9),
(541, 'SV071', 'CNTT_B', 'HK1', 'Cơ sở dữ liệu', 9.8),
(542, 'SV072', 'CNTT_B', 'HK1', 'Cơ sở dữ liệu', 6.1),
(543, 'SV073', 'CNTT_B', 'HK1', 'Cơ sở dữ liệu', 9.2),
(544, 'SV074', 'CNTT_B', 'HK1', 'Cơ sở dữ liệu', 5.8),
(545, 'SV075', 'CNTT_B', 'HK1', 'Cơ sở dữ liệu', 9.5),
(546, 'SV076', 'CNTT_B', 'HK1', 'Cơ sở dữ liệu', 7.8),
(547, 'SV077', 'CNTT_B', 'HK1', 'Cơ sở dữ liệu', 6.5),
(548, 'SV078', 'CNTT_B', 'HK1', 'Cơ sở dữ liệu', 5.1),
(549, 'SV079', 'CNTT_B', 'HK1', 'Cơ sở dữ liệu', 7.9),
(550, 'SV080', 'CNTT_B', 'HK1', 'Cơ sở dữ liệu', 8.4),
(551, 'SV041', 'CNTT_B', 'HK1', 'Toán rời rạc', 8.1),
(552, 'SV042', 'CNTT_B', 'HK1', 'Toán rời rạc', 5.2),
(553, 'SV043', 'CNTT_B', 'HK1', 'Toán rời rạc', 9.9),
(554, 'SV044', 'CNTT_B', 'HK1', 'Toán rời rạc', 5.9),
(555, 'SV045', 'CNTT_B', 'HK1', 'Toán rời rạc', 7.9),
(556, 'SV046', 'CNTT_B', 'HK1', 'Toán rời rạc', 5.5),
(557, 'SV047', 'CNTT_B', 'HK1', 'Toán rời rạc', 6.1),
(558, 'SV048', 'CNTT_B', 'HK1', 'Toán rời rạc', 9.7),
(559, 'SV049', 'CNTT_B', 'HK1', 'Toán rời rạc', 8.2),
(560, 'SV050', 'CNTT_B', 'HK1', 'Toán rời rạc', 8.2),
(561, 'SV051', 'CNTT_B', 'HK1', 'Toán rời rạc', 6.2),
(562, 'SV052', 'CNTT_B', 'HK1', 'Toán rời rạc', 8.4),
(563, 'SV053', 'CNTT_B', 'HK1', 'Toán rời rạc', 7.3),
(564, 'SV054', 'CNTT_B', 'HK1', 'Toán rời rạc', 7.4),
(565, 'SV055', 'CNTT_B', 'HK1', 'Toán rời rạc', 5.2),
(566, 'SV056', 'CNTT_B', 'HK1', 'Toán rời rạc', 5.7),
(567, 'SV057', 'CNTT_B', 'HK1', 'Toán rời rạc', 8.8),
(568, 'SV058', 'CNTT_B', 'HK1', 'Toán rời rạc', 5.1),
(569, 'SV059', 'CNTT_B', 'HK1', 'Toán rời rạc', 7),
(570, 'SV060', 'CNTT_B', 'HK1', 'Toán rời rạc', 9.6),
(571, 'SV061', 'CNTT_B', 'HK1', 'Toán rời rạc', 5.2),
(572, 'SV062', 'CNTT_B', 'HK1', 'Toán rời rạc', 5),
(573, 'SV063', 'CNTT_B', 'HK1', 'Toán rời rạc', 5.7),
(574, 'SV064', 'CNTT_B', 'HK1', 'Toán rời rạc', 9.3),
(575, 'SV065', 'CNTT_B', 'HK1', 'Toán rời rạc', 7.5),
(576, 'SV066', 'CNTT_B', 'HK1', 'Toán rời rạc', 5.3),
(577, 'SV067', 'CNTT_B', 'HK1', 'Toán rời rạc', 6.4),
(578, 'SV068', 'CNTT_B', 'HK1', 'Toán rời rạc', 5.7),
(579, 'SV069', 'CNTT_B', 'HK1', 'Toán rời rạc', 5.7),
(580, 'SV070', 'CNTT_B', 'HK1', 'Toán rời rạc', 7.1),
(581, 'SV071', 'CNTT_B', 'HK1', 'Toán rời rạc', 8.6),
(582, 'SV072', 'CNTT_B', 'HK1', 'Toán rời rạc', 5.8),
(583, 'SV073', 'CNTT_B', 'HK1', 'Toán rời rạc', 5),
(584, 'SV074', 'CNTT_B', 'HK1', 'Toán rời rạc', 9.6),
(585, 'SV075', 'CNTT_B', 'HK1', 'Toán rời rạc', 5.2),
(586, 'SV076', 'CNTT_B', 'HK1', 'Toán rời rạc', 5),
(587, 'SV077', 'CNTT_B', 'HK1', 'Toán rời rạc', 5.4),
(588, 'SV078', 'CNTT_B', 'HK1', 'Toán rời rạc', 7.9),
(589, 'SV079', 'CNTT_B', 'HK1', 'Toán rời rạc', 7.4),
(590, 'SV080', 'CNTT_B', 'HK1', 'Toán rời rạc', 9.4),
(591, 'SV041', 'CNTT_B', 'HK1', 'Nhập môn CNTT', 8.6),
(592, 'SV042', 'CNTT_B', 'HK1', 'Nhập môn CNTT', 5.1),
(593, 'SV043', 'CNTT_B', 'HK1', 'Nhập môn CNTT', 7.5),
(594, 'SV044', 'CNTT_B', 'HK1', 'Nhập môn CNTT', 6.1),
(595, 'SV045', 'CNTT_B', 'HK1', 'Nhập môn CNTT', 4.2),
(596, 'SV046', 'CNTT_B', 'HK1', 'Nhập môn CNTT', 4.8),
(597, 'SV047', 'CNTT_B', 'HK1', 'Nhập môn CNTT', 7.3),
(598, 'SV048', 'CNTT_B', 'HK1', 'Nhập môn CNTT', 6.1),
(599, 'SV049', 'CNTT_B', 'HK1', 'Nhập môn CNTT', 4.4),
(600, 'SV050', 'CNTT_B', 'HK1', 'Nhập môn CNTT', 6),
(601, 'SV051', 'CNTT_B', 'HK1', 'Nhập môn CNTT', 6.8),
(602, 'SV052', 'CNTT_B', 'HK1', 'Nhập môn CNTT', 6.1),
(603, 'SV053', 'CNTT_B', 'HK1', 'Nhập môn CNTT', 5.8),
(604, 'SV054', 'CNTT_B', 'HK1', 'Nhập môn CNTT', 6.9),
(605, 'SV055', 'CNTT_B', 'HK1', 'Nhập môn CNTT', 7.1),
(606, 'SV056', 'CNTT_B', 'HK1', 'Nhập môn CNTT', 4.6),
(607, 'SV057', 'CNTT_B', 'HK1', 'Nhập môn CNTT', 9.8),
(608, 'SV058', 'CNTT_B', 'HK1', 'Nhập môn CNTT', 7),
(609, 'SV059', 'CNTT_B', 'HK1', 'Nhập môn CNTT', 7.7),
(610, 'SV060', 'CNTT_B', 'HK1', 'Nhập môn CNTT', 7.7),
(611, 'SV061', 'CNTT_B', 'HK1', 'Nhập môn CNTT', 5.5),
(612, 'SV062', 'CNTT_B', 'HK1', 'Nhập môn CNTT', 6.2),
(613, 'SV063', 'CNTT_B', 'HK1', 'Nhập môn CNTT', 4.4),
(614, 'SV064', 'CNTT_B', 'HK1', 'Nhập môn CNTT', 5.3),
(615, 'SV065', 'CNTT_B', 'HK1', 'Nhập môn CNTT', 9.4),
(616, 'SV066', 'CNTT_B', 'HK1', 'Nhập môn CNTT', 9.2),
(617, 'SV067', 'CNTT_B', 'HK1', 'Nhập môn CNTT', 7.7),
(618, 'SV068', 'CNTT_B', 'HK1', 'Nhập môn CNTT', 7),
(619, 'SV069', 'CNTT_B', 'HK1', 'Nhập môn CNTT', 7.7),
(620, 'SV070', 'CNTT_B', 'HK1', 'Nhập môn CNTT', 7.6),
(621, 'SV071', 'CNTT_B', 'HK1', 'Nhập môn CNTT', 4.9),
(622, 'SV072', 'CNTT_B', 'HK1', 'Nhập môn CNTT', 9.8),
(623, 'SV073', 'CNTT_B', 'HK1', 'Nhập môn CNTT', 6.4),
(624, 'SV074', 'CNTT_B', 'HK1', 'Nhập môn CNTT', 4.6),
(625, 'SV075', 'CNTT_B', 'HK1', 'Nhập môn CNTT', 5.6),
(626, 'SV076', 'CNTT_B', 'HK1', 'Nhập môn CNTT', 4.3),
(627, 'SV077', 'CNTT_B', 'HK1', 'Nhập môn CNTT', 6.8),
(628, 'SV078', 'CNTT_B', 'HK1', 'Nhập môn CNTT', 5),
(629, 'SV079', 'CNTT_B', 'HK1', 'Nhập môn CNTT', 6.6),
(630, 'SV080', 'CNTT_B', 'HK1', 'Nhập môn CNTT', 8),
(631, 'SV041', 'CNTT_B', 'HK2', 'Lập trình Web', 4.3),
(632, 'SV042', 'CNTT_B', 'HK2', 'Lập trình Web', 5.6),
(633, 'SV043', 'CNTT_B', 'HK2', 'Lập trình Web', 5),
(634, 'SV044', 'CNTT_B', 'HK2', 'Lập trình Web', 4.1),
(635, 'SV045', 'CNTT_B', 'HK2', 'Lập trình Web', 7.4),
(636, 'SV046', 'CNTT_B', 'HK2', 'Lập trình Web', 8.9),
(637, 'SV047', 'CNTT_B', 'HK2', 'Lập trình Web', 6.3),
(638, 'SV048', 'CNTT_B', 'HK2', 'Lập trình Web', 6.9),
(639, 'SV049', 'CNTT_B', 'HK2', 'Lập trình Web', 5.3),
(640, 'SV050', 'CNTT_B', 'HK2', 'Lập trình Web', 8),
(641, 'SV051', 'CNTT_B', 'HK2', 'Lập trình Web', 7.9),
(642, 'SV052', 'CNTT_B', 'HK2', 'Lập trình Web', 5.7),
(643, 'SV053', 'CNTT_B', 'HK2', 'Lập trình Web', 6.7),
(644, 'SV054', 'CNTT_B', 'HK2', 'Lập trình Web', 6.5),
(645, 'SV055', 'CNTT_B', 'HK2', 'Lập trình Web', 8.4),
(646, 'SV056', 'CNTT_B', 'HK2', 'Lập trình Web', 6.7),
(647, 'SV057', 'CNTT_B', 'HK2', 'Lập trình Web', 10),
(648, 'SV058', 'CNTT_B', 'HK2', 'Lập trình Web', 7.9),
(649, 'SV059', 'CNTT_B', 'HK2', 'Lập trình Web', 5.5),
(650, 'SV060', 'CNTT_B', 'HK2', 'Lập trình Web', 5.8),
(651, 'SV061', 'CNTT_B', 'HK2', 'Lập trình Web', 8.6),
(652, 'SV062', 'CNTT_B', 'HK2', 'Lập trình Web', 9.5),
(653, 'SV063', 'CNTT_B', 'HK2', 'Lập trình Web', 5.7),
(654, 'SV064', 'CNTT_B', 'HK2', 'Lập trình Web', 8.2),
(655, 'SV065', 'CNTT_B', 'HK2', 'Lập trình Web', 7.8),
(656, 'SV066', 'CNTT_B', 'HK2', 'Lập trình Web', 4.5),
(657, 'SV067', 'CNTT_B', 'HK2', 'Lập trình Web', 7.2),
(658, 'SV068', 'CNTT_B', 'HK2', 'Lập trình Web', 6.3),
(659, 'SV069', 'CNTT_B', 'HK2', 'Lập trình Web', 6),
(660, 'SV070', 'CNTT_B', 'HK2', 'Lập trình Web', 7),
(661, 'SV071', 'CNTT_B', 'HK2', 'Lập trình Web', 7),
(662, 'SV072', 'CNTT_B', 'HK2', 'Lập trình Web', 4),
(663, 'SV073', 'CNTT_B', 'HK2', 'Lập trình Web', 7.2),
(664, 'SV074', 'CNTT_B', 'HK2', 'Lập trình Web', 8),
(665, 'SV075', 'CNTT_B', 'HK2', 'Lập trình Web', 8.4),
(666, 'SV076', 'CNTT_B', 'HK2', 'Lập trình Web', 8.1),
(667, 'SV077', 'CNTT_B', 'HK2', 'Lập trình Web', 5.1),
(668, 'SV078', 'CNTT_B', 'HK2', 'Lập trình Web', 9.3),
(669, 'SV079', 'CNTT_B', 'HK2', 'Lập trình Web', 9.2),
(670, 'SV080', 'CNTT_B', 'HK2', 'Lập trình Web', 7.9),
(671, 'SV041', 'CNTT_B', 'HK2', 'Java', 7.9),
(672, 'SV042', 'CNTT_B', 'HK2', 'Java', 5.8),
(673, 'SV043', 'CNTT_B', 'HK2', 'Java', 7.5),
(674, 'SV044', 'CNTT_B', 'HK2', 'Java', 4.2),
(675, 'SV045', 'CNTT_B', 'HK2', 'Java', 6.4),
(676, 'SV046', 'CNTT_B', 'HK2', 'Java', 9.4),
(677, 'SV047', 'CNTT_B', 'HK2', 'Java', 5.7),
(678, 'SV048', 'CNTT_B', 'HK2', 'Java', 8.2),
(679, 'SV049', 'CNTT_B', 'HK2', 'Java', 8.1),
(680, 'SV050', 'CNTT_B', 'HK2', 'Java', 5.7),
(681, 'SV051', 'CNTT_B', 'HK2', 'Java', 6.3),
(682, 'SV052', 'CNTT_B', 'HK2', 'Java', 4.5),
(683, 'SV053', 'CNTT_B', 'HK2', 'Java', 5.7),
(684, 'SV054', 'CNTT_B', 'HK2', 'Java', 4.9),
(685, 'SV055', 'CNTT_B', 'HK2', 'Java', 9.3),
(686, 'SV056', 'CNTT_B', 'HK2', 'Java', 9.7),
(687, 'SV057', 'CNTT_B', 'HK2', 'Java', 4.6),
(688, 'SV058', 'CNTT_B', 'HK2', 'Java', 7.9),
(689, 'SV059', 'CNTT_B', 'HK2', 'Java', 9.9),
(690, 'SV060', 'CNTT_B', 'HK2', 'Java', 9.6),
(691, 'SV061', 'CNTT_B', 'HK2', 'Java', 8.4),
(692, 'SV062', 'CNTT_B', 'HK2', 'Java', 9),
(693, 'SV063', 'CNTT_B', 'HK2', 'Java', 10),
(694, 'SV064', 'CNTT_B', 'HK2', 'Java', 6.8),
(695, 'SV065', 'CNTT_B', 'HK2', 'Java', 6.1),
(696, 'SV066', 'CNTT_B', 'HK2', 'Java', 5.9),
(697, 'SV067', 'CNTT_B', 'HK2', 'Java', 7.5),
(698, 'SV068', 'CNTT_B', 'HK2', 'Java', 9.7),
(699, 'SV069', 'CNTT_B', 'HK2', 'Java', 9.9),
(700, 'SV070', 'CNTT_B', 'HK2', 'Java', 4.4),
(701, 'SV071', 'CNTT_B', 'HK2', 'Java', 6.2),
(702, 'SV072', 'CNTT_B', 'HK2', 'Java', 7.8),
(703, 'SV073', 'CNTT_B', 'HK2', 'Java', 4.5),
(704, 'SV074', 'CNTT_B', 'HK2', 'Java', 7.2),
(705, 'SV075', 'CNTT_B', 'HK2', 'Java', 6.4),
(706, 'SV076', 'CNTT_B', 'HK2', 'Java', 6.3),
(707, 'SV077', 'CNTT_B', 'HK2', 'Java', 8.3),
(708, 'SV078', 'CNTT_B', 'HK2', 'Java', 6.7),
(709, 'SV079', 'CNTT_B', 'HK2', 'Java', 4.4),
(710, 'SV080', 'CNTT_B', 'HK2', 'Java', 4),
(711, 'SV041', 'CNTT_B', 'HK2', 'Mạng máy tính', 8.9),
(712, 'SV042', 'CNTT_B', 'HK2', 'Mạng máy tính', 4.6),
(713, 'SV043', 'CNTT_B', 'HK2', 'Mạng máy tính', 4.3),
(714, 'SV044', 'CNTT_B', 'HK2', 'Mạng máy tính', 9.6),
(715, 'SV045', 'CNTT_B', 'HK2', 'Mạng máy tính', 7.2),
(716, 'SV046', 'CNTT_B', 'HK2', 'Mạng máy tính', 9.2),
(717, 'SV047', 'CNTT_B', 'HK2', 'Mạng máy tính', 8.5),
(718, 'SV048', 'CNTT_B', 'HK2', 'Mạng máy tính', 4.9),
(719, 'SV049', 'CNTT_B', 'HK2', 'Mạng máy tính', 7),
(720, 'SV050', 'CNTT_B', 'HK2', 'Mạng máy tính', 4.1),
(721, 'SV051', 'CNTT_B', 'HK2', 'Mạng máy tính', 7.8),
(722, 'SV052', 'CNTT_B', 'HK2', 'Mạng máy tính', 4.5),
(723, 'SV053', 'CNTT_B', 'HK2', 'Mạng máy tính', 6.9),
(724, 'SV054', 'CNTT_B', 'HK2', 'Mạng máy tính', 5.3),
(725, 'SV055', 'CNTT_B', 'HK2', 'Mạng máy tính', 7.9),
(726, 'SV056', 'CNTT_B', 'HK2', 'Mạng máy tính', 7.6),
(727, 'SV057', 'CNTT_B', 'HK2', 'Mạng máy tính', 4.1),
(728, 'SV058', 'CNTT_B', 'HK2', 'Mạng máy tính', 5.7),
(729, 'SV059', 'CNTT_B', 'HK2', 'Mạng máy tính', 6.2),
(730, 'SV060', 'CNTT_B', 'HK2', 'Mạng máy tính', 9.9),
(731, 'SV061', 'CNTT_B', 'HK2', 'Mạng máy tính', 8.8),
(732, 'SV062', 'CNTT_B', 'HK2', 'Mạng máy tính', 4.5),
(733, 'SV063', 'CNTT_B', 'HK2', 'Mạng máy tính', 9.9),
(734, 'SV064', 'CNTT_B', 'HK2', 'Mạng máy tính', 8),
(735, 'SV065', 'CNTT_B', 'HK2', 'Mạng máy tính', 6.4),
(736, 'SV066', 'CNTT_B', 'HK2', 'Mạng máy tính', 4.1),
(737, 'SV067', 'CNTT_B', 'HK2', 'Mạng máy tính', 9.3),
(738, 'SV068', 'CNTT_B', 'HK2', 'Mạng máy tính', 6.1),
(739, 'SV069', 'CNTT_B', 'HK2', 'Mạng máy tính', 4.6),
(740, 'SV070', 'CNTT_B', 'HK2', 'Mạng máy tính', 6.7),
(741, 'SV071', 'CNTT_B', 'HK2', 'Mạng máy tính', 9.6),
(742, 'SV072', 'CNTT_B', 'HK2', 'Mạng máy tính', 5.8),
(743, 'SV073', 'CNTT_B', 'HK2', 'Mạng máy tính', 8.5),
(744, 'SV074', 'CNTT_B', 'HK2', 'Mạng máy tính', 8.9),
(745, 'SV075', 'CNTT_B', 'HK2', 'Mạng máy tính', 9.1),
(746, 'SV076', 'CNTT_B', 'HK2', 'Mạng máy tính', 8.6),
(747, 'SV077', 'CNTT_B', 'HK2', 'Mạng máy tính', 5.8),
(748, 'SV078', 'CNTT_B', 'HK2', 'Mạng máy tính', 5),
(749, 'SV079', 'CNTT_B', 'HK2', 'Mạng máy tính', 9.8),
(750, 'SV080', 'CNTT_B', 'HK2', 'Mạng máy tính', 5.9),
(751, 'SV041', 'CNTT_B', 'HK2', 'AI cơ bản', 8.3),
(752, 'SV042', 'CNTT_B', 'HK2', 'AI cơ bản', 7.8),
(753, 'SV043', 'CNTT_B', 'HK2', 'AI cơ bản', 4.1),
(754, 'SV044', 'CNTT_B', 'HK2', 'AI cơ bản', 4.8),
(755, 'SV045', 'CNTT_B', 'HK2', 'AI cơ bản', 8.1),
(756, 'SV046', 'CNTT_B', 'HK2', 'AI cơ bản', 9.8),
(757, 'SV047', 'CNTT_B', 'HK2', 'AI cơ bản', 8.8),
(758, 'SV048', 'CNTT_B', 'HK2', 'AI cơ bản', 4.8),
(759, 'SV049', 'CNTT_B', 'HK2', 'AI cơ bản', 5.3),
(760, 'SV050', 'CNTT_B', 'HK2', 'AI cơ bản', 8.4),
(761, 'SV051', 'CNTT_B', 'HK2', 'AI cơ bản', 9.9),
(762, 'SV052', 'CNTT_B', 'HK2', 'AI cơ bản', 8.4),
(763, 'SV053', 'CNTT_B', 'HK2', 'AI cơ bản', 8.1),
(764, 'SV054', 'CNTT_B', 'HK2', 'AI cơ bản', 5.4),
(765, 'SV055', 'CNTT_B', 'HK2', 'AI cơ bản', 4.9),
(766, 'SV056', 'CNTT_B', 'HK2', 'AI cơ bản', 4.2),
(767, 'SV057', 'CNTT_B', 'HK2', 'AI cơ bản', 8.3),
(768, 'SV058', 'CNTT_B', 'HK2', 'AI cơ bản', 6.8),
(769, 'SV059', 'CNTT_B', 'HK2', 'AI cơ bản', 5.3),
(770, 'SV060', 'CNTT_B', 'HK2', 'AI cơ bản', 7.9),
(771, 'SV061', 'CNTT_B', 'HK2', 'AI cơ bản', 7.5),
(772, 'SV062', 'CNTT_B', 'HK2', 'AI cơ bản', 4),
(773, 'SV063', 'CNTT_B', 'HK2', 'AI cơ bản', 5.4),
(774, 'SV064', 'CNTT_B', 'HK2', 'AI cơ bản', 5.2),
(775, 'SV065', 'CNTT_B', 'HK2', 'AI cơ bản', 5.9),
(776, 'SV066', 'CNTT_B', 'HK2', 'AI cơ bản', 9.6),
(777, 'SV067', 'CNTT_B', 'HK2', 'AI cơ bản', 8.5),
(778, 'SV068', 'CNTT_B', 'HK2', 'AI cơ bản', 9.5),
(779, 'SV069', 'CNTT_B', 'HK2', 'AI cơ bản', 6.1),
(780, 'SV070', 'CNTT_B', 'HK2', 'AI cơ bản', 9.9),
(781, 'SV071', 'CNTT_B', 'HK2', 'AI cơ bản', 9.3),
(782, 'SV072', 'CNTT_B', 'HK2', 'AI cơ bản', 6.9),
(783, 'SV073', 'CNTT_B', 'HK2', 'AI cơ bản', 8.6),
(784, 'SV074', 'CNTT_B', 'HK2', 'AI cơ bản', 6.3),
(785, 'SV075', 'CNTT_B', 'HK2', 'AI cơ bản', 7.7),
(786, 'SV076', 'CNTT_B', 'HK2', 'AI cơ bản', 9.7),
(787, 'SV077', 'CNTT_B', 'HK2', 'AI cơ bản', 9.2),
(788, 'SV078', 'CNTT_B', 'HK2', 'AI cơ bản', 6.9),
(789, 'SV079', 'CNTT_B', 'HK2', 'AI cơ bản', 8.8),
(790, 'SV080', 'CNTT_B', 'HK2', 'AI cơ bản', 7.6),
(791, 'SV081', 'CNTT_C', 'HK1', 'Lập trình Python', 7.3),
(792, 'SV082', 'CNTT_C', 'HK1', 'Lập trình Python', 9.9),
(793, 'SV083', 'CNTT_C', 'HK1', 'Lập trình Python', 5.7),
(794, 'SV084', 'CNTT_C', 'HK1', 'Lập trình Python', 6.7),
(795, 'SV085', 'CNTT_C', 'HK1', 'Lập trình Python', 6.4),
(796, 'SV086', 'CNTT_C', 'HK1', 'Lập trình Python', 8),
(797, 'SV087', 'CNTT_C', 'HK1', 'Lập trình Python', 4.8),
(798, 'SV088', 'CNTT_C', 'HK1', 'Lập trình Python', 8),
(799, 'SV089', 'CNTT_C', 'HK1', 'Lập trình Python', 9.8),
(800, 'SV090', 'CNTT_C', 'HK1', 'Lập trình Python', 8.6),
(801, 'SV091', 'CNTT_C', 'HK1', 'Lập trình Python', 10),
(802, 'SV092', 'CNTT_C', 'HK1', 'Lập trình Python', 7.9),
(803, 'SV093', 'CNTT_C', 'HK1', 'Lập trình Python', 5.5),
(804, 'SV094', 'CNTT_C', 'HK1', 'Lập trình Python', 5.7),
(805, 'SV095', 'CNTT_C', 'HK1', 'Lập trình Python', 8),
(806, 'SV096', 'CNTT_C', 'HK1', 'Lập trình Python', 7.2),
(807, 'SV097', 'CNTT_C', 'HK1', 'Lập trình Python', 7.7),
(808, 'SV098', 'CNTT_C', 'HK1', 'Lập trình Python', 6.9),
(809, 'SV099', 'CNTT_C', 'HK1', 'Lập trình Python', 7.5),
(810, 'SV100', 'CNTT_C', 'HK1', 'Lập trình Python', 6.7),
(811, 'SV101', 'CNTT_C', 'HK1', 'Lập trình Python', 7.1),
(812, 'SV102', 'CNTT_C', 'HK1', 'Lập trình Python', 5.3),
(813, 'SV103', 'CNTT_C', 'HK1', 'Lập trình Python', 7.4),
(814, 'SV104', 'CNTT_C', 'HK1', 'Lập trình Python', 5),
(815, 'SV105', 'CNTT_C', 'HK1', 'Lập trình Python', 4.8),
(816, 'SV106', 'CNTT_C', 'HK1', 'Lập trình Python', 4.9),
(817, 'SV107', 'CNTT_C', 'HK1', 'Lập trình Python', 6.1),
(818, 'SV108', 'CNTT_C', 'HK1', 'Lập trình Python', 6),
(819, 'SV109', 'CNTT_C', 'HK1', 'Lập trình Python', 7.6),
(820, 'SV110', 'CNTT_C', 'HK1', 'Lập trình Python', 9.9),
(821, 'SV111', 'CNTT_C', 'HK1', 'Lập trình Python', 4.9),
(822, 'SV112', 'CNTT_C', 'HK1', 'Lập trình Python', 8.9),
(823, 'SV113', 'CNTT_C', 'HK1', 'Lập trình Python', 7.7),
(824, 'SV114', 'CNTT_C', 'HK1', 'Lập trình Python', 7.7),
(825, 'SV115', 'CNTT_C', 'HK1', 'Lập trình Python', 5.4),
(826, 'SV116', 'CNTT_C', 'HK1', 'Lập trình Python', 5.8),
(827, 'SV117', 'CNTT_C', 'HK1', 'Lập trình Python', 8.7),
(828, 'SV118', 'CNTT_C', 'HK1', 'Lập trình Python', 4.3),
(829, 'SV119', 'CNTT_C', 'HK1', 'Lập trình Python', 9.5),
(830, 'SV120', 'CNTT_C', 'HK1', 'Lập trình Python', 6.6),
(831, 'SV121', 'CNTT_C', 'HK1', 'Lập trình Python', 6.4),
(832, 'SV122', 'CNTT_C', 'HK1', 'Lập trình Python', 8.2),
(833, 'SV081', 'CNTT_C', 'HK1', 'Cơ sở dữ liệu', 6),
(834, 'SV082', 'CNTT_C', 'HK1', 'Cơ sở dữ liệu', 7.4),
(835, 'SV083', 'CNTT_C', 'HK1', 'Cơ sở dữ liệu', 8.7),
(836, 'SV084', 'CNTT_C', 'HK1', 'Cơ sở dữ liệu', 5.5),
(837, 'SV085', 'CNTT_C', 'HK1', 'Cơ sở dữ liệu', 9.3),
(838, 'SV086', 'CNTT_C', 'HK1', 'Cơ sở dữ liệu', 7.9),
(839, 'SV087', 'CNTT_C', 'HK1', 'Cơ sở dữ liệu', 7.8),
(840, 'SV088', 'CNTT_C', 'HK1', 'Cơ sở dữ liệu', 5.4),
(841, 'SV089', 'CNTT_C', 'HK1', 'Cơ sở dữ liệu', 5.3),
(842, 'SV090', 'CNTT_C', 'HK1', 'Cơ sở dữ liệu', 6.6),
(843, 'SV091', 'CNTT_C', 'HK1', 'Cơ sở dữ liệu', 6.8),
(844, 'SV092', 'CNTT_C', 'HK1', 'Cơ sở dữ liệu', 4.4),
(845, 'SV093', 'CNTT_C', 'HK1', 'Cơ sở dữ liệu', 9.4),
(846, 'SV094', 'CNTT_C', 'HK1', 'Cơ sở dữ liệu', 5.9),
(847, 'SV095', 'CNTT_C', 'HK1', 'Cơ sở dữ liệu', 9.3),
(848, 'SV096', 'CNTT_C', 'HK1', 'Cơ sở dữ liệu', 7),
(849, 'SV097', 'CNTT_C', 'HK1', 'Cơ sở dữ liệu', 8.9),
(850, 'SV098', 'CNTT_C', 'HK1', 'Cơ sở dữ liệu', 7.5),
(851, 'SV099', 'CNTT_C', 'HK1', 'Cơ sở dữ liệu', 7),
(852, 'SV100', 'CNTT_C', 'HK1', 'Cơ sở dữ liệu', 8.5),
(853, 'SV101', 'CNTT_C', 'HK1', 'Cơ sở dữ liệu', 5.6),
(854, 'SV102', 'CNTT_C', 'HK1', 'Cơ sở dữ liệu', 4.3),
(855, 'SV103', 'CNTT_C', 'HK1', 'Cơ sở dữ liệu', 6.9),
(856, 'SV104', 'CNTT_C', 'HK1', 'Cơ sở dữ liệu', 5.7),
(857, 'SV105', 'CNTT_C', 'HK1', 'Cơ sở dữ liệu', 9.6),
(858, 'SV106', 'CNTT_C', 'HK1', 'Cơ sở dữ liệu', 8.9),
(859, 'SV107', 'CNTT_C', 'HK1', 'Cơ sở dữ liệu', 5.8),
(860, 'SV108', 'CNTT_C', 'HK1', 'Cơ sở dữ liệu', 4.4),
(861, 'SV109', 'CNTT_C', 'HK1', 'Cơ sở dữ liệu', 6.6),
(862, 'SV110', 'CNTT_C', 'HK1', 'Cơ sở dữ liệu', 9.6),
(863, 'SV111', 'CNTT_C', 'HK1', 'Cơ sở dữ liệu', 6.3),
(864, 'SV112', 'CNTT_C', 'HK1', 'Cơ sở dữ liệu', 4.6),
(865, 'SV113', 'CNTT_C', 'HK1', 'Cơ sở dữ liệu', 6),
(866, 'SV114', 'CNTT_C', 'HK1', 'Cơ sở dữ liệu', 6.3),
(867, 'SV115', 'CNTT_C', 'HK1', 'Cơ sở dữ liệu', 9.5),
(868, 'SV116', 'CNTT_C', 'HK1', 'Cơ sở dữ liệu', 6.6),
(869, 'SV117', 'CNTT_C', 'HK1', 'Cơ sở dữ liệu', 6.6),
(870, 'SV118', 'CNTT_C', 'HK1', 'Cơ sở dữ liệu', 8.9),
(871, 'SV119', 'CNTT_C', 'HK1', 'Cơ sở dữ liệu', 9),
(872, 'SV120', 'CNTT_C', 'HK1', 'Cơ sở dữ liệu', 8.2),
(873, 'SV121', 'CNTT_C', 'HK1', 'Cơ sở dữ liệu', 4.2),
(874, 'SV122', 'CNTT_C', 'HK1', 'Cơ sở dữ liệu', 4.3),
(875, 'SV081', 'CNTT_C', 'HK1', 'Xác suất thống kê', 5),
(876, 'SV082', 'CNTT_C', 'HK1', 'Xác suất thống kê', 8),
(877, 'SV083', 'CNTT_C', 'HK1', 'Xác suất thống kê', 8.8),
(878, 'SV084', 'CNTT_C', 'HK1', 'Xác suất thống kê', 4.2),
(879, 'SV085', 'CNTT_C', 'HK1', 'Xác suất thống kê', 8.7),
(880, 'SV086', 'CNTT_C', 'HK1', 'Xác suất thống kê', 8.8),
(881, 'SV087', 'CNTT_C', 'HK1', 'Xác suất thống kê', 7.8),
(882, 'SV088', 'CNTT_C', 'HK1', 'Xác suất thống kê', 8.9),
(883, 'SV089', 'CNTT_C', 'HK1', 'Xác suất thống kê', 4.8),
(884, 'SV090', 'CNTT_C', 'HK1', 'Xác suất thống kê', 5.6),
(885, 'SV091', 'CNTT_C', 'HK1', 'Xác suất thống kê', 9.4),
(886, 'SV092', 'CNTT_C', 'HK1', 'Xác suất thống kê', 8.3),
(887, 'SV093', 'CNTT_C', 'HK1', 'Xác suất thống kê', 9.2),
(888, 'SV094', 'CNTT_C', 'HK1', 'Xác suất thống kê', 5.2),
(889, 'SV095', 'CNTT_C', 'HK1', 'Xác suất thống kê', 6.2),
(890, 'SV096', 'CNTT_C', 'HK1', 'Xác suất thống kê', 5.6),
(891, 'SV097', 'CNTT_C', 'HK1', 'Xác suất thống kê', 5.2),
(892, 'SV098', 'CNTT_C', 'HK1', 'Xác suất thống kê', 5.2),
(893, 'SV099', 'CNTT_C', 'HK1', 'Xác suất thống kê', 6.6),
(894, 'SV100', 'CNTT_C', 'HK1', 'Xác suất thống kê', 7.4),
(895, 'SV101', 'CNTT_C', 'HK1', 'Xác suất thống kê', 7.3),
(896, 'SV102', 'CNTT_C', 'HK1', 'Xác suất thống kê', 4.1),
(897, 'SV103', 'CNTT_C', 'HK1', 'Xác suất thống kê', 6.8),
(898, 'SV104', 'CNTT_C', 'HK1', 'Xác suất thống kê', 5.7),
(899, 'SV105', 'CNTT_C', 'HK1', 'Xác suất thống kê', 4.1),
(900, 'SV106', 'CNTT_C', 'HK1', 'Xác suất thống kê', 5.3),
(901, 'SV107', 'CNTT_C', 'HK1', 'Xác suất thống kê', 4.1),
(902, 'SV108', 'CNTT_C', 'HK1', 'Xác suất thống kê', 6.5),
(903, 'SV109', 'CNTT_C', 'HK1', 'Xác suất thống kê', 4.4),
(904, 'SV110', 'CNTT_C', 'HK1', 'Xác suất thống kê', 4.7),
(905, 'SV111', 'CNTT_C', 'HK1', 'Xác suất thống kê', 5.9),
(906, 'SV112', 'CNTT_C', 'HK1', 'Xác suất thống kê', 5.7),
(907, 'SV113', 'CNTT_C', 'HK1', 'Xác suất thống kê', 6.6),
(908, 'SV114', 'CNTT_C', 'HK1', 'Xác suất thống kê', 6),
(909, 'SV115', 'CNTT_C', 'HK1', 'Xác suất thống kê', 6.2),
(910, 'SV116', 'CNTT_C', 'HK1', 'Xác suất thống kê', 8.9),
(911, 'SV117', 'CNTT_C', 'HK1', 'Xác suất thống kê', 4.2),
(912, 'SV118', 'CNTT_C', 'HK1', 'Xác suất thống kê', 8),
(913, 'SV119', 'CNTT_C', 'HK1', 'Xác suất thống kê', 5.4),
(914, 'SV120', 'CNTT_C', 'HK1', 'Xác suất thống kê', 5.2),
(915, 'SV121', 'CNTT_C', 'HK1', 'Xác suất thống kê', 5.6),
(916, 'SV122', 'CNTT_C', 'HK1', 'Xác suất thống kê', 8.4),
(917, 'SV081', 'CNTT_C', 'HK1', 'Nhập môn CNTT', 9.2),
(918, 'SV082', 'CNTT_C', 'HK1', 'Nhập môn CNTT', 4.6),
(919, 'SV083', 'CNTT_C', 'HK1', 'Nhập môn CNTT', 9.7),
(920, 'SV084', 'CNTT_C', 'HK1', 'Nhập môn CNTT', 6.5),
(921, 'SV085', 'CNTT_C', 'HK1', 'Nhập môn CNTT', 5.6),
(922, 'SV086', 'CNTT_C', 'HK1', 'Nhập môn CNTT', 4.6),
(923, 'SV087', 'CNTT_C', 'HK1', 'Nhập môn CNTT', 8.1),
(924, 'SV088', 'CNTT_C', 'HK1', 'Nhập môn CNTT', 4.5),
(925, 'SV089', 'CNTT_C', 'HK1', 'Nhập môn CNTT', 6.2),
(926, 'SV090', 'CNTT_C', 'HK1', 'Nhập môn CNTT', 7.6),
(927, 'SV091', 'CNTT_C', 'HK1', 'Nhập môn CNTT', 9.4),
(928, 'SV092', 'CNTT_C', 'HK1', 'Nhập môn CNTT', 8.4),
(929, 'SV093', 'CNTT_C', 'HK1', 'Nhập môn CNTT', 9.5),
(930, 'SV094', 'CNTT_C', 'HK1', 'Nhập môn CNTT', 6.5),
(931, 'SV095', 'CNTT_C', 'HK1', 'Nhập môn CNTT', 6.1),
(932, 'SV096', 'CNTT_C', 'HK1', 'Nhập môn CNTT', 6.7),
(933, 'SV097', 'CNTT_C', 'HK1', 'Nhập môn CNTT', 5.3),
(934, 'SV098', 'CNTT_C', 'HK1', 'Nhập môn CNTT', 8.4),
(935, 'SV099', 'CNTT_C', 'HK1', 'Nhập môn CNTT', 4.1),
(936, 'SV100', 'CNTT_C', 'HK1', 'Nhập môn CNTT', 9.2),
(937, 'SV101', 'CNTT_C', 'HK1', 'Nhập môn CNTT', 5.9),
(938, 'SV102', 'CNTT_C', 'HK1', 'Nhập môn CNTT', 9.8),
(939, 'SV103', 'CNTT_C', 'HK1', 'Nhập môn CNTT', 9.5),
(940, 'SV104', 'CNTT_C', 'HK1', 'Nhập môn CNTT', 7.9),
(941, 'SV105', 'CNTT_C', 'HK1', 'Nhập môn CNTT', 7.2),
(942, 'SV106', 'CNTT_C', 'HK1', 'Nhập môn CNTT', 8.1),
(943, 'SV107', 'CNTT_C', 'HK1', 'Nhập môn CNTT', 9),
(944, 'SV108', 'CNTT_C', 'HK1', 'Nhập môn CNTT', 4.5),
(945, 'SV109', 'CNTT_C', 'HK1', 'Nhập môn CNTT', 9.7),
(946, 'SV110', 'CNTT_C', 'HK1', 'Nhập môn CNTT', 6.8),
(947, 'SV111', 'CNTT_C', 'HK1', 'Nhập môn CNTT', 7),
(948, 'SV112', 'CNTT_C', 'HK1', 'Nhập môn CNTT', 4.8),
(949, 'SV113', 'CNTT_C', 'HK1', 'Nhập môn CNTT', 4.8);
INSERT INTO `diem` (`id`, `masv`, `malop`, `hocky`, `tenmon`, `diem`) VALUES
(950, 'SV114', 'CNTT_C', 'HK1', 'Nhập môn CNTT', 5.6),
(951, 'SV115', 'CNTT_C', 'HK1', 'Nhập môn CNTT', 9.8),
(952, 'SV116', 'CNTT_C', 'HK1', 'Nhập môn CNTT', 10),
(953, 'SV117', 'CNTT_C', 'HK1', 'Nhập môn CNTT', 4.6),
(954, 'SV118', 'CNTT_C', 'HK1', 'Nhập môn CNTT', 7.2),
(955, 'SV119', 'CNTT_C', 'HK1', 'Nhập môn CNTT', 6.2),
(956, 'SV120', 'CNTT_C', 'HK1', 'Nhập môn CNTT', 5.2),
(957, 'SV121', 'CNTT_C', 'HK1', 'Nhập môn CNTT', 9.6),
(958, 'SV122', 'CNTT_C', 'HK1', 'Nhập môn CNTT', 4.3),
(959, 'SV081', 'CNTT_C', 'HK2', 'Lập trình Web', 6.9),
(960, 'SV082', 'CNTT_C', 'HK2', 'Lập trình Web', 5.3),
(961, 'SV083', 'CNTT_C', 'HK2', 'Lập trình Web', 7.9),
(962, 'SV084', 'CNTT_C', 'HK2', 'Lập trình Web', 7.7),
(963, 'SV085', 'CNTT_C', 'HK2', 'Lập trình Web', 4.7),
(964, 'SV086', 'CNTT_C', 'HK2', 'Lập trình Web', 8.2),
(965, 'SV087', 'CNTT_C', 'HK2', 'Lập trình Web', 5.2),
(966, 'SV088', 'CNTT_C', 'HK2', 'Lập trình Web', 9.1),
(967, 'SV089', 'CNTT_C', 'HK2', 'Lập trình Web', 8.2),
(968, 'SV090', 'CNTT_C', 'HK2', 'Lập trình Web', 9.5),
(969, 'SV091', 'CNTT_C', 'HK2', 'Lập trình Web', 7),
(970, 'SV092', 'CNTT_C', 'HK2', 'Lập trình Web', 8.6),
(971, 'SV093', 'CNTT_C', 'HK2', 'Lập trình Web', 5.8),
(972, 'SV094', 'CNTT_C', 'HK2', 'Lập trình Web', 5.3),
(973, 'SV095', 'CNTT_C', 'HK2', 'Lập trình Web', 5.2),
(974, 'SV096', 'CNTT_C', 'HK2', 'Lập trình Web', 6.1),
(975, 'SV097', 'CNTT_C', 'HK2', 'Lập trình Web', 5),
(976, 'SV098', 'CNTT_C', 'HK2', 'Lập trình Web', 8.4),
(977, 'SV099', 'CNTT_C', 'HK2', 'Lập trình Web', 5.3),
(978, 'SV100', 'CNTT_C', 'HK2', 'Lập trình Web', 9.1),
(979, 'SV101', 'CNTT_C', 'HK2', 'Lập trình Web', 7.7),
(980, 'SV102', 'CNTT_C', 'HK2', 'Lập trình Web', 7.1),
(981, 'SV103', 'CNTT_C', 'HK2', 'Lập trình Web', 8.5),
(982, 'SV104', 'CNTT_C', 'HK2', 'Lập trình Web', 5),
(983, 'SV105', 'CNTT_C', 'HK2', 'Lập trình Web', 7.7),
(984, 'SV106', 'CNTT_C', 'HK2', 'Lập trình Web', 7.5),
(985, 'SV107', 'CNTT_C', 'HK2', 'Lập trình Web', 4.3),
(986, 'SV108', 'CNTT_C', 'HK2', 'Lập trình Web', 7.1),
(987, 'SV109', 'CNTT_C', 'HK2', 'Lập trình Web', 6.6),
(988, 'SV110', 'CNTT_C', 'HK2', 'Lập trình Web', 7.5),
(989, 'SV111', 'CNTT_C', 'HK2', 'Lập trình Web', 8),
(990, 'SV112', 'CNTT_C', 'HK2', 'Lập trình Web', 7.4),
(991, 'SV113', 'CNTT_C', 'HK2', 'Lập trình Web', 9.1),
(992, 'SV114', 'CNTT_C', 'HK2', 'Lập trình Web', 7.1),
(993, 'SV115', 'CNTT_C', 'HK2', 'Lập trình Web', 4.1),
(994, 'SV116', 'CNTT_C', 'HK2', 'Lập trình Web', 7.3),
(995, 'SV117', 'CNTT_C', 'HK2', 'Lập trình Web', 8.4),
(996, 'SV118', 'CNTT_C', 'HK2', 'Lập trình Web', 9.8),
(997, 'SV119', 'CNTT_C', 'HK2', 'Lập trình Web', 7.9),
(998, 'SV120', 'CNTT_C', 'HK2', 'Lập trình Web', 6.2),
(999, 'SV121', 'CNTT_C', 'HK2', 'Lập trình Web', 9.3),
(1000, 'SV122', 'CNTT_C', 'HK2', 'Lập trình Web', 5.7),
(1001, 'SV081', 'CNTT_C', 'HK2', 'Machine Learning', 8.8),
(1002, 'SV082', 'CNTT_C', 'HK2', 'Machine Learning', 4.9),
(1003, 'SV083', 'CNTT_C', 'HK2', 'Machine Learning', 6.1),
(1004, 'SV084', 'CNTT_C', 'HK2', 'Machine Learning', 5.9),
(1005, 'SV085', 'CNTT_C', 'HK2', 'Machine Learning', 7.1),
(1006, 'SV086', 'CNTT_C', 'HK2', 'Machine Learning', 7.7),
(1007, 'SV087', 'CNTT_C', 'HK2', 'Machine Learning', 7.1),
(1008, 'SV088', 'CNTT_C', 'HK2', 'Machine Learning', 8.4),
(1009, 'SV089', 'CNTT_C', 'HK2', 'Machine Learning', 5),
(1010, 'SV090', 'CNTT_C', 'HK2', 'Machine Learning', 7.5),
(1011, 'SV091', 'CNTT_C', 'HK2', 'Machine Learning', 6.5),
(1012, 'SV092', 'CNTT_C', 'HK2', 'Machine Learning', 6),
(1013, 'SV093', 'CNTT_C', 'HK2', 'Machine Learning', 6.7),
(1014, 'SV094', 'CNTT_C', 'HK2', 'Machine Learning', 5.4),
(1015, 'SV095', 'CNTT_C', 'HK2', 'Machine Learning', 8.7),
(1016, 'SV096', 'CNTT_C', 'HK2', 'Machine Learning', 5.5),
(1017, 'SV097', 'CNTT_C', 'HK2', 'Machine Learning', 9.2),
(1018, 'SV098', 'CNTT_C', 'HK2', 'Machine Learning', 7.8),
(1019, 'SV099', 'CNTT_C', 'HK2', 'Machine Learning', 7.1),
(1020, 'SV100', 'CNTT_C', 'HK2', 'Machine Learning', 8.1),
(1021, 'SV101', 'CNTT_C', 'HK2', 'Machine Learning', 9.2),
(1022, 'SV102', 'CNTT_C', 'HK2', 'Machine Learning', 5.8),
(1023, 'SV103', 'CNTT_C', 'HK2', 'Machine Learning', 9.3),
(1024, 'SV104', 'CNTT_C', 'HK2', 'Machine Learning', 7.3),
(1025, 'SV105', 'CNTT_C', 'HK2', 'Machine Learning', 4.6),
(1026, 'SV106', 'CNTT_C', 'HK2', 'Machine Learning', 9),
(1027, 'SV107', 'CNTT_C', 'HK2', 'Machine Learning', 9.4),
(1028, 'SV108', 'CNTT_C', 'HK2', 'Machine Learning', 9.7),
(1029, 'SV109', 'CNTT_C', 'HK2', 'Machine Learning', 4.3),
(1030, 'SV110', 'CNTT_C', 'HK2', 'Machine Learning', 6.6),
(1031, 'SV111', 'CNTT_C', 'HK2', 'Machine Learning', 4.1),
(1032, 'SV112', 'CNTT_C', 'HK2', 'Machine Learning', 8.4),
(1033, 'SV113', 'CNTT_C', 'HK2', 'Machine Learning', 8),
(1034, 'SV114', 'CNTT_C', 'HK2', 'Machine Learning', 4.7),
(1035, 'SV115', 'CNTT_C', 'HK2', 'Machine Learning', 7.6),
(1036, 'SV116', 'CNTT_C', 'HK2', 'Machine Learning', 7.7),
(1037, 'SV117', 'CNTT_C', 'HK2', 'Machine Learning', 5.8),
(1038, 'SV118', 'CNTT_C', 'HK2', 'Machine Learning', 8.1),
(1039, 'SV119', 'CNTT_C', 'HK2', 'Machine Learning', 6.8),
(1040, 'SV120', 'CNTT_C', 'HK2', 'Machine Learning', 5.9),
(1041, 'SV121', 'CNTT_C', 'HK2', 'Machine Learning', 5.1),
(1042, 'SV122', 'CNTT_C', 'HK2', 'Machine Learning', 9.9),
(1043, 'SV081', 'CNTT_C', 'HK2', 'Mạng máy tính', 6.2),
(1044, 'SV082', 'CNTT_C', 'HK2', 'Mạng máy tính', 9.2),
(1045, 'SV083', 'CNTT_C', 'HK2', 'Mạng máy tính', 5.5),
(1046, 'SV084', 'CNTT_C', 'HK2', 'Mạng máy tính', 7.8),
(1047, 'SV085', 'CNTT_C', 'HK2', 'Mạng máy tính', 6.6),
(1048, 'SV086', 'CNTT_C', 'HK2', 'Mạng máy tính', 5.6),
(1049, 'SV087', 'CNTT_C', 'HK2', 'Mạng máy tính', 10),
(1050, 'SV088', 'CNTT_C', 'HK2', 'Mạng máy tính', 5.3),
(1051, 'SV089', 'CNTT_C', 'HK2', 'Mạng máy tính', 4.4),
(1052, 'SV090', 'CNTT_C', 'HK2', 'Mạng máy tính', 8.3),
(1053, 'SV091', 'CNTT_C', 'HK2', 'Mạng máy tính', 6),
(1054, 'SV092', 'CNTT_C', 'HK2', 'Mạng máy tính', 7.3),
(1055, 'SV093', 'CNTT_C', 'HK2', 'Mạng máy tính', 8.4),
(1056, 'SV094', 'CNTT_C', 'HK2', 'Mạng máy tính', 4.3),
(1057, 'SV095', 'CNTT_C', 'HK2', 'Mạng máy tính', 4.2),
(1058, 'SV096', 'CNTT_C', 'HK2', 'Mạng máy tính', 4.2),
(1059, 'SV097', 'CNTT_C', 'HK2', 'Mạng máy tính', 4.3),
(1060, 'SV098', 'CNTT_C', 'HK2', 'Mạng máy tính', 5),
(1061, 'SV099', 'CNTT_C', 'HK2', 'Mạng máy tính', 7.8),
(1062, 'SV100', 'CNTT_C', 'HK2', 'Mạng máy tính', 8.3),
(1063, 'SV101', 'CNTT_C', 'HK2', 'Mạng máy tính', 8),
(1064, 'SV102', 'CNTT_C', 'HK2', 'Mạng máy tính', 5),
(1065, 'SV103', 'CNTT_C', 'HK2', 'Mạng máy tính', 9),
(1066, 'SV104', 'CNTT_C', 'HK2', 'Mạng máy tính', 7.9),
(1067, 'SV105', 'CNTT_C', 'HK2', 'Mạng máy tính', 8.8),
(1068, 'SV106', 'CNTT_C', 'HK2', 'Mạng máy tính', 4.3),
(1069, 'SV107', 'CNTT_C', 'HK2', 'Mạng máy tính', 8.8),
(1070, 'SV108', 'CNTT_C', 'HK2', 'Mạng máy tính', 9.3),
(1071, 'SV109', 'CNTT_C', 'HK2', 'Mạng máy tính', 9.9),
(1072, 'SV110', 'CNTT_C', 'HK2', 'Mạng máy tính', 5.6),
(1073, 'SV111', 'CNTT_C', 'HK2', 'Mạng máy tính', 6.2),
(1074, 'SV112', 'CNTT_C', 'HK2', 'Mạng máy tính', 4.4),
(1075, 'SV113', 'CNTT_C', 'HK2', 'Mạng máy tính', 5.4),
(1076, 'SV114', 'CNTT_C', 'HK2', 'Mạng máy tính', 9.7),
(1077, 'SV115', 'CNTT_C', 'HK2', 'Mạng máy tính', 4.4),
(1078, 'SV116', 'CNTT_C', 'HK2', 'Mạng máy tính', 7),
(1079, 'SV117', 'CNTT_C', 'HK2', 'Mạng máy tính', 5.9),
(1080, 'SV118', 'CNTT_C', 'HK2', 'Mạng máy tính', 4.2),
(1081, 'SV119', 'CNTT_C', 'HK2', 'Mạng máy tính', 5.4),
(1082, 'SV120', 'CNTT_C', 'HK2', 'Mạng máy tính', 4.6),
(1083, 'SV121', 'CNTT_C', 'HK2', 'Mạng máy tính', 8.8),
(1084, 'SV122', 'CNTT_C', 'HK2', 'Mạng máy tính', 8),
(1085, 'SV081', 'CNTT_C', 'HK2', 'Khai phá dữ liệu', 9.5),
(1086, 'SV082', 'CNTT_C', 'HK2', 'Khai phá dữ liệu', 7.8),
(1087, 'SV083', 'CNTT_C', 'HK2', 'Khai phá dữ liệu', 6.3),
(1088, 'SV084', 'CNTT_C', 'HK2', 'Khai phá dữ liệu', 4.1),
(1089, 'SV085', 'CNTT_C', 'HK2', 'Khai phá dữ liệu', 9.6),
(1090, 'SV086', 'CNTT_C', 'HK2', 'Khai phá dữ liệu', 7.6),
(1091, 'SV087', 'CNTT_C', 'HK2', 'Khai phá dữ liệu', 5.1),
(1092, 'SV088', 'CNTT_C', 'HK2', 'Khai phá dữ liệu', 5),
(1093, 'SV089', 'CNTT_C', 'HK2', 'Khai phá dữ liệu', 5.5),
(1094, 'SV090', 'CNTT_C', 'HK2', 'Khai phá dữ liệu', 8.4),
(1095, 'SV091', 'CNTT_C', 'HK2', 'Khai phá dữ liệu', 9.6),
(1096, 'SV092', 'CNTT_C', 'HK2', 'Khai phá dữ liệu', 6.7),
(1097, 'SV093', 'CNTT_C', 'HK2', 'Khai phá dữ liệu', 6.6),
(1098, 'SV094', 'CNTT_C', 'HK2', 'Khai phá dữ liệu', 9),
(1099, 'SV095', 'CNTT_C', 'HK2', 'Khai phá dữ liệu', 9.3),
(1100, 'SV096', 'CNTT_C', 'HK2', 'Khai phá dữ liệu', 9.4),
(1101, 'SV097', 'CNTT_C', 'HK2', 'Khai phá dữ liệu', 9.3),
(1102, 'SV098', 'CNTT_C', 'HK2', 'Khai phá dữ liệu', 8.1),
(1103, 'SV099', 'CNTT_C', 'HK2', 'Khai phá dữ liệu', 8.8),
(1104, 'SV100', 'CNTT_C', 'HK2', 'Khai phá dữ liệu', 9.6),
(1105, 'SV101', 'CNTT_C', 'HK2', 'Khai phá dữ liệu', 5.5),
(1106, 'SV102', 'CNTT_C', 'HK2', 'Khai phá dữ liệu', 6.9),
(1107, 'SV103', 'CNTT_C', 'HK2', 'Khai phá dữ liệu', 8),
(1108, 'SV104', 'CNTT_C', 'HK2', 'Khai phá dữ liệu', 9.1),
(1109, 'SV105', 'CNTT_C', 'HK2', 'Khai phá dữ liệu', 5.5),
(1110, 'SV106', 'CNTT_C', 'HK2', 'Khai phá dữ liệu', 8.1),
(1111, 'SV107', 'CNTT_C', 'HK2', 'Khai phá dữ liệu', 8.2),
(1112, 'SV108', 'CNTT_C', 'HK2', 'Khai phá dữ liệu', 6.8),
(1113, 'SV109', 'CNTT_C', 'HK2', 'Khai phá dữ liệu', 5.3),
(1114, 'SV110', 'CNTT_C', 'HK2', 'Khai phá dữ liệu', 8.1),
(1115, 'SV111', 'CNTT_C', 'HK2', 'Khai phá dữ liệu', 8.7),
(1116, 'SV112', 'CNTT_C', 'HK2', 'Khai phá dữ liệu', 9.3),
(1117, 'SV113', 'CNTT_C', 'HK2', 'Khai phá dữ liệu', 4.3),
(1118, 'SV114', 'CNTT_C', 'HK2', 'Khai phá dữ liệu', 7.6),
(1119, 'SV115', 'CNTT_C', 'HK2', 'Khai phá dữ liệu', 9.1),
(1120, 'SV116', 'CNTT_C', 'HK2', 'Khai phá dữ liệu', 6.6),
(1121, 'SV117', 'CNTT_C', 'HK2', 'Khai phá dữ liệu', 7.7),
(1122, 'SV118', 'CNTT_C', 'HK2', 'Khai phá dữ liệu', 8.9),
(1123, 'SV119', 'CNTT_C', 'HK2', 'Khai phá dữ liệu', 5.2),
(1124, 'SV120', 'CNTT_C', 'HK2', 'Khai phá dữ liệu', 7.3),
(1125, 'SV121', 'CNTT_C', 'HK2', 'Khai phá dữ liệu', 4.8),
(1126, 'SV122', 'CNTT_C', 'HK2', 'Khai phá dữ liệu', 4.2);

-- --------------------------------------------------------

--
-- Cấu trúc bảng cho bảng `lop`
--

CREATE TABLE `lop` (
  `malop` varchar(20) NOT NULL,
  `tenlop` varchar(100) DEFAULT NULL
) ENGINE=InnoDB DEFAULT CHARSET=utf8mb4 COLLATE=utf8mb4_general_ci;

--
-- Đang đổ dữ liệu cho bảng `lop`
--

INSERT INTO `lop` (`malop`, `tenlop`) VALUES
('CNTT_A', 'Công nghệ thông tin A'),
('CNTT_B', 'Công nghệ thông tin B'),
('CNTT_C', 'Công nghệ thông tin C');

-- --------------------------------------------------------

--
-- Cấu trúc bảng cho bảng `lop_hocky_monhoc`
--

CREATE TABLE `lop_hocky_monhoc` (
  `id` int(11) NOT NULL,
  `malop` varchar(20) DEFAULT NULL,
  `hocky` varchar(20) DEFAULT NULL,
  `tenmon` varchar(100) DEFAULT NULL,
  `sotinchi` int(11) DEFAULT NULL
) ENGINE=InnoDB DEFAULT CHARSET=utf8mb4 COLLATE=utf8mb4_general_ci;

--
-- Đang đổ dữ liệu cho bảng `lop_hocky_monhoc`
--

INSERT INTO `lop_hocky_monhoc` (`id`, `malop`, `hocky`, `tenmon`, `sotinchi`) VALUES
(1, 'CNTT_A', 'HK1', 'Lập trình Web', 3),
(2, 'CNTT_A', 'HK1', 'Cơ sở dữ liệu', 3),
(3, 'CNTT_A', 'HK1', 'Mạng máy tính', 3),
(4, 'CNTT_A', 'HK1', 'Trí tuệ nhân tạo', 2),
(5, 'CNTT_A', 'HK1', 'Lập trình C', 3),
(6, 'CNTT_A', 'HK1', 'Cơ sở dữ liệu', 3),
(7, 'CNTT_A', 'HK1', 'Toán rời rạc', 3),
(8, 'CNTT_A', 'HK1', 'Nhập môn CNTT', 2),
(9, 'CNTT_A', 'HK2', 'Lập trình OOP', 3),
(10, 'CNTT_A', 'HK2', 'Cấu trúc dữ liệu', 3),
(11, 'CNTT_A', 'HK2', 'Mạng máy tính', 3),
(12, 'CNTT_A', 'HK2', 'Trí tuệ nhân tạo', 2),
(13, 'CNTT_B', 'HK1', 'Lập trình C', 3),
(14, 'CNTT_B', 'HK1', 'Cơ sở dữ liệu', 3),
(15, 'CNTT_B', 'HK1', 'Toán rời rạc', 3),
(16, 'CNTT_B', 'HK1', 'Nhập môn CNTT', 2),
(17, 'CNTT_B', 'HK2', 'Lập trình Web', 3),
(18, 'CNTT_B', 'HK2', 'Java', 3),
(19, 'CNTT_B', 'HK2', 'Mạng máy tính', 3),
(20, 'CNTT_B', 'HK2', 'AI cơ bản', 2),
(21, 'CNTT_C', 'HK1', 'Lập trình Python', 3),
(22, 'CNTT_C', 'HK1', 'Cơ sở dữ liệu', 3),
(23, 'CNTT_C', 'HK1', 'Xác suất thống kê', 3),
(24, 'CNTT_C', 'HK1', 'Nhập môn CNTT', 2),
(25, 'CNTT_C', 'HK2', 'Lập trình Web', 3),
(26, 'CNTT_C', 'HK2', 'Machine Learning', 3),
(27, 'CNTT_C', 'HK2', 'Mạng máy tính', 3),
(28, 'CNTT_C', 'HK2', 'Khai phá dữ liệu', 2);

-- --------------------------------------------------------

--
-- Cấu trúc bảng cho bảng `sinhvien`
--

CREATE TABLE `sinhvien` (
  `masv` varchar(20) NOT NULL,
  `tensv` varchar(100) DEFAULT NULL,
  `ngaysinh` date DEFAULT NULL,
  `gioitinh` enum('Nam','Nu') DEFAULT NULL,
  `malop` varchar(20) DEFAULT NULL,
  `taikhoan_id` int(11) DEFAULT NULL
) ENGINE=InnoDB DEFAULT CHARSET=utf8mb4 COLLATE=utf8mb4_general_ci;

--
-- Đang đổ dữ liệu cho bảng `sinhvien`
--

INSERT INTO `sinhvien` (`masv`, `tensv`, `ngaysinh`, `gioitinh`, `malop`, `taikhoan_id`) VALUES
('SV003', 'Sinh viên 3', '2004-01-01', 'Nu', 'CNTT_A', 3),
('SV004', 'Sinh viên 4', '2004-01-01', 'Nam', 'CNTT_A', 4),
('SV005', 'Sinh viên 5', '2004-01-01', 'Nu', 'CNTT_A', 5),
('SV006', 'Sinh viên 6', '2004-01-01', 'Nam', 'CNTT_A', 6),
('SV007', 'Sinh viên 7', '2004-01-01', 'Nu', 'CNTT_A', 7),
('SV008', 'Sinh viên 8', '2004-01-01', 'Nam', 'CNTT_A', 8),
('SV009', 'Sinh viên 9', '2004-01-01', 'Nu', 'CNTT_A', 9),
('SV01', 'Bùi Phương Đông', '2004-01-01', 'Nam', 'CNTT_A', 3),
('SV010', 'Sinh viên 10', '2004-01-01', 'Nam', 'CNTT_A', 10),
('SV011', 'Sinh viên 11', '2004-01-01', 'Nu', 'CNTT_A', 11),
('SV012', 'Sinh viên 12', '2004-01-01', 'Nam', 'CNTT_A', 12),
('SV013', 'Sinh viên 13', '2004-01-01', 'Nu', 'CNTT_A', 13),
('SV014', 'Sinh viên 14', '2004-01-01', 'Nam', 'CNTT_A', 14),
('SV015', 'Sinh viên 15', '2004-01-01', 'Nu', 'CNTT_A', 15),
('SV016', 'Sinh viên 16', '2004-01-01', 'Nam', 'CNTT_A', 16),
('SV017', 'Sinh viên 17', '2004-01-01', 'Nu', 'CNTT_A', 17),
('SV018', 'Sinh viên 18', '2004-01-01', 'Nam', 'CNTT_A', 18),
('SV019', 'Sinh viên 19', '2004-01-01', 'Nu', 'CNTT_A', 19),
('SV020', 'Sinh viên 20', '2004-01-01', 'Nam', 'CNTT_A', 20),
('SV021', 'Sinh viên 21', '2004-01-01', 'Nu', 'CNTT_A', 21),
('SV022', 'Sinh viên 22', '2004-01-01', 'Nam', 'CNTT_A', 22),
('SV023', 'Sinh viên 23', '2004-01-01', 'Nu', 'CNTT_A', 23),
('SV024', 'Sinh viên 24', '2004-01-01', 'Nam', 'CNTT_A', 24),
('SV025', 'Sinh viên 25', '2004-01-01', 'Nu', 'CNTT_A', 25),
('SV026', 'Sinh viên 26', '2004-01-01', 'Nam', 'CNTT_A', 26),
('SV027', 'Sinh viên 27', '2004-01-01', 'Nu', 'CNTT_A', 27),
('SV028', 'Sinh viên 28', '2004-01-01', 'Nam', 'CNTT_A', 28),
('SV029', 'Sinh viên 29', '2004-01-01', 'Nu', 'CNTT_A', 29),
('SV030', 'Sinh viên 30', '2004-01-01', 'Nam', 'CNTT_A', 30),
('SV031', 'Sinh viên 31', '2004-01-01', 'Nu', 'CNTT_A', 31),
('SV032', 'Sinh viên 32', '2004-01-01', 'Nam', 'CNTT_A', 32),
('SV033', 'Sinh viên 33', '2004-01-01', 'Nu', 'CNTT_A', 33),
('SV034', 'Sinh viên 34', '2004-01-01', 'Nam', 'CNTT_A', 34),
('SV035', 'Sinh viên 35', '2004-01-01', 'Nu', 'CNTT_A', 35),
('SV036', 'Sinh viên 36', '2004-01-01', 'Nam', 'CNTT_A', 36),
('SV037', 'Sinh viên 37', '2004-01-01', 'Nu', 'CNTT_A', 37),
('SV038', 'Sinh viên 38', '2004-01-01', 'Nam', 'CNTT_A', 38),
('SV039', 'Sinh viên 39', '2004-01-01', 'Nu', 'CNTT_A', 39),
('SV040', 'Sinh viên 40', '2004-01-01', 'Nam', 'CNTT_A', 40),
('SV041', 'Sinh viên 41', '2004-01-01', 'Nu', 'CNTT_B', 41),
('SV042', 'Sinh viên 42', '2004-01-01', 'Nam', 'CNTT_B', 42),
('SV043', 'Sinh viên 43', '2004-01-01', 'Nu', 'CNTT_B', 43),
('SV044', 'Sinh viên 44', '2004-01-01', 'Nam', 'CNTT_B', 44),
('SV045', 'Sinh viên 45', '2004-01-01', 'Nu', 'CNTT_B', 45),
('SV046', 'Sinh viên 46', '2004-01-01', 'Nam', 'CNTT_B', 46),
('SV047', 'Sinh viên 47', '2004-01-01', 'Nu', 'CNTT_B', 47),
('SV048', 'Sinh viên 48', '2004-01-01', 'Nam', 'CNTT_B', 48),
('SV049', 'Sinh viên 49', '2004-01-01', 'Nu', 'CNTT_B', 49),
('SV050', 'Sinh viên 50', '2004-01-01', 'Nam', 'CNTT_B', 50),
('SV051', 'Sinh viên 51', '2004-01-01', 'Nu', 'CNTT_B', 51),
('SV052', 'Sinh viên 52', '2004-01-01', 'Nam', 'CNTT_B', 52),
('SV053', 'Sinh viên 53', '2004-01-01', 'Nu', 'CNTT_B', 53),
('SV054', 'Sinh viên 54', '2004-01-01', 'Nam', 'CNTT_B', 54),
('SV055', 'Sinh viên 55', '2004-01-01', 'Nu', 'CNTT_B', 55),
('SV056', 'Sinh viên 56', '2004-01-01', 'Nam', 'CNTT_B', 56),
('SV057', 'Sinh viên 57', '2004-01-01', 'Nu', 'CNTT_B', 57),
('SV058', 'Sinh viên 58', '2004-01-01', 'Nam', 'CNTT_B', 58),
('SV059', 'Sinh viên 59', '2004-01-01', 'Nu', 'CNTT_B', 59),
('SV060', 'Sinh viên 60', '2004-01-01', 'Nam', 'CNTT_B', 60),
('SV061', 'Sinh viên 61', '2004-01-01', 'Nu', 'CNTT_B', 61),
('SV062', 'Sinh viên 62', '2004-01-01', 'Nam', 'CNTT_B', 62),
('SV063', 'Sinh viên 63', '2004-01-01', 'Nu', 'CNTT_B', 63),
('SV064', 'Sinh viên 64', '2004-01-01', 'Nam', 'CNTT_B', 64),
('SV065', 'Sinh viên 65', '2004-01-01', 'Nu', 'CNTT_B', 65),
('SV066', 'Sinh viên 66', '2004-01-01', 'Nam', 'CNTT_B', 66),
('SV067', 'Sinh viên 67', '2004-01-01', 'Nu', 'CNTT_B', 67),
('SV068', 'Sinh viên 68', '2004-01-01', 'Nam', 'CNTT_B', 68),
('SV069', 'Sinh viên 69', '2004-01-01', 'Nu', 'CNTT_B', 69),
('SV070', 'Sinh viên 70', '2004-01-01', 'Nam', 'CNTT_B', 70),
('SV071', 'Sinh viên 71', '2004-01-01', 'Nu', 'CNTT_B', 71),
('SV072', 'Sinh viên 72', '2004-01-01', 'Nam', 'CNTT_B', 72),
('SV073', 'Sinh viên 73', '2004-01-01', 'Nu', 'CNTT_B', 73),
('SV074', 'Sinh viên 74', '2004-01-01', 'Nam', 'CNTT_B', 74),
('SV075', 'Sinh viên 75', '2004-01-01', 'Nu', 'CNTT_B', 75),
('SV076', 'Sinh viên 76', '2004-01-01', 'Nam', 'CNTT_B', 76),
('SV077', 'Sinh viên 77', '2004-01-01', 'Nu', 'CNTT_B', 77),
('SV078', 'Sinh viên 78', '2004-01-01', 'Nam', 'CNTT_B', 78),
('SV079', 'Sinh viên 79', '2004-01-01', 'Nu', 'CNTT_B', 79),
('SV080', 'Sinh viên 80', '2004-01-01', 'Nam', 'CNTT_B', 80),
('SV081', 'Sinh viên 81', '2004-01-01', 'Nu', 'CNTT_C', 81),
('SV082', 'Sinh viên 82', '2004-01-01', 'Nam', 'CNTT_C', 82),
('SV083', 'Sinh viên 83', '2004-01-01', 'Nu', 'CNTT_C', 83),
('SV084', 'Sinh viên 84', '2004-01-01', 'Nam', 'CNTT_C', 84),
('SV085', 'Sinh viên 85', '2004-01-01', 'Nu', 'CNTT_C', 85),
('SV086', 'Sinh viên 86', '2004-01-01', 'Nam', 'CNTT_C', 86),
('SV087', 'Sinh viên 87', '2004-01-01', 'Nu', 'CNTT_C', 87),
('SV088', 'Sinh viên 88', '2004-01-01', 'Nam', 'CNTT_C', 88),
('SV089', 'Sinh viên 89', '2004-01-01', 'Nu', 'CNTT_C', 89),
('SV090', 'Sinh viên 90', '2004-01-01', 'Nam', 'CNTT_C', 90),
('SV091', 'Sinh viên 91', '2004-01-01', 'Nu', 'CNTT_C', 91),
('SV092', 'Sinh viên 92', '2004-01-01', 'Nam', 'CNTT_C', 92),
('SV093', 'Sinh viên 93', '2004-01-01', 'Nu', 'CNTT_C', 93),
('SV094', 'Sinh viên 94', '2004-01-01', 'Nam', 'CNTT_C', 94),
('SV095', 'Sinh viên 95', '2004-01-01', 'Nu', 'CNTT_C', 95),
('SV096', 'Sinh viên 96', '2004-01-01', 'Nam', 'CNTT_C', 96),
('SV097', 'Sinh viên 97', '2004-01-01', 'Nu', 'CNTT_C', 97),
('SV098', 'Sinh viên 98', '2004-01-01', 'Nam', 'CNTT_C', 98),
('SV099', 'Sinh viên 99', '2004-01-01', 'Nu', 'CNTT_C', 99),
('SV100', 'Sinh viên 100', '2004-01-01', 'Nam', 'CNTT_C', 100),
('SV101', 'Sinh viên 101', '2004-01-01', 'Nu', 'CNTT_C', 101),
('SV102', 'Sinh viên 102', '2004-01-01', 'Nam', 'CNTT_C', 102),
('SV103', 'Sinh viên 103', '2004-01-01', 'Nu', 'CNTT_C', 103),
('SV104', 'Sinh viên 104', '2004-01-01', 'Nam', 'CNTT_C', 104),
('SV105', 'Sinh viên 105', '2004-01-01', 'Nu', 'CNTT_C', 105),
('SV106', 'Sinh viên 106', '2004-01-01', 'Nam', 'CNTT_C', 106),
('SV107', 'Sinh viên 107', '2004-01-01', 'Nu', 'CNTT_C', 107),
('SV108', 'Sinh viên 108', '2004-01-01', 'Nam', 'CNTT_C', 108),
('SV109', 'Sinh viên 109', '2004-01-01', 'Nu', 'CNTT_C', 109),
('SV110', 'Sinh viên 110', '2004-01-01', 'Nam', 'CNTT_C', 110),
('SV111', 'Sinh viên 111', '2004-01-01', 'Nu', 'CNTT_C', 111),
('SV112', 'Sinh viên 112', '2004-01-01', 'Nam', 'CNTT_C', 112),
('SV113', 'Sinh viên 113', '2004-01-01', 'Nu', 'CNTT_C', 113),
('SV114', 'Sinh viên 114', '2004-01-01', 'Nam', 'CNTT_C', 114),
('SV115', 'Sinh viên 115', '2004-01-01', 'Nu', 'CNTT_C', 115),
('SV116', 'Sinh viên 116', '2004-01-01', 'Nam', 'CNTT_C', 116),
('SV117', 'Sinh viên 117', '2004-01-01', 'Nu', 'CNTT_C', 117),
('SV118', 'Sinh viên 118', '2004-01-01', 'Nam', 'CNTT_C', 118),
('SV119', 'Sinh viên 119', '2004-01-01', 'Nu', 'CNTT_C', 119),
('SV120', 'Sinh viên 120', '2004-01-01', 'Nam', 'CNTT_C', 120),
('SV121', 'Sinh viên 121', '2004-01-01', 'Nu', 'CNTT_C', 121),
('SV122', 'Sinh viên 122', '2004-01-01', 'Nam', 'CNTT_C', 122);

-- --------------------------------------------------------

--
-- Cấu trúc bảng cho bảng `taikhoan`
--

CREATE TABLE `taikhoan` (
  `id` int(11) NOT NULL,
  `email` varchar(100) DEFAULT NULL,
  `matkhau` varchar(255) DEFAULT NULL,
  `vaitro` enum('ADMIN','TEACHER','STUDENT') DEFAULT NULL
) ENGINE=InnoDB DEFAULT CHARSET=utf8mb4 COLLATE=utf8mb4_general_ci;

--
-- Đang đổ dữ liệu cho bảng `taikhoan`
--

INSERT INTO `taikhoan` (`id`, `email`, `matkhau`, `vaitro`) VALUES
(1, 'admin@gmail.com', '123456', 'ADMIN'),
(2, 'gv@gmail.com', '123456', 'TEACHER'),
(3, 'sv01@gmail.com', '123456', 'STUDENT'),
(4, 'sv1@gmail.com', '123456', 'STUDENT'),
(5, 'sv2@gmail.com', '123456', 'STUDENT'),
(6, 'sv3@gmail.com', '123456', 'STUDENT'),
(7, 'sv4@gmail.com', '123456', 'STUDENT'),
(8, 'sv5@gmail.com', '123456', 'STUDENT'),
(9, 'sv6@gmail.com', '123456', 'STUDENT'),
(10, 'sv7@gmail.com', '123456', 'STUDENT'),
(11, 'sv8@gmail.com', '123456', 'STUDENT'),
(12, 'sv9@gmail.com', '123456', 'STUDENT'),
(13, 'sv10@gmail.com', '123456', 'STUDENT'),
(14, 'sv11@gmail.com', '123456', 'STUDENT'),
(15, 'sv12@gmail.com', '123456', 'STUDENT'),
(16, 'sv13@gmail.com', '123456', 'STUDENT'),
(17, 'sv14@gmail.com', '123456', 'STUDENT'),
(18, 'sv15@gmail.com', '123456', 'STUDENT'),
(19, 'sv16@gmail.com', '123456', 'STUDENT'),
(20, 'sv17@gmail.com', '123456', 'STUDENT'),
(21, 'sv18@gmail.com', '123456', 'STUDENT'),
(22, 'sv19@gmail.com', '123456', 'STUDENT'),
(23, 'sv20@gmail.com', '123456', 'STUDENT'),
(24, 'sv21@gmail.com', '123456', 'STUDENT'),
(25, 'sv22@gmail.com', '123456', 'STUDENT'),
(26, 'sv23@gmail.com', '123456', 'STUDENT'),
(27, 'sv24@gmail.com', '123456', 'STUDENT'),
(28, 'sv25@gmail.com', '123456', 'STUDENT'),
(29, 'sv26@gmail.com', '123456', 'STUDENT'),
(30, 'sv27@gmail.com', '123456', 'STUDENT'),
(31, 'sv28@gmail.com', '123456', 'STUDENT'),
(32, 'sv29@gmail.com', '123456', 'STUDENT'),
(33, 'sv30@gmail.com', '123456', 'STUDENT'),
(34, 'sv31@gmail.com', '123456', 'STUDENT'),
(35, 'sv32@gmail.com', '123456', 'STUDENT'),
(36, 'sv33@gmail.com', '123456', 'STUDENT'),
(37, 'sv34@gmail.com', '123456', 'STUDENT'),
(38, 'sv35@gmail.com', '123456', 'STUDENT'),
(39, 'sv36@gmail.com', '123456', 'STUDENT'),
(40, 'sv37@gmail.com', '123456', 'STUDENT'),
(41, 'sv38@gmail.com', '123456', 'STUDENT'),
(42, 'sv39@gmail.com', '123456', 'STUDENT'),
(43, 'sv40@gmail.com', '123456', 'STUDENT'),
(44, 'sv41@gmail.com', '123456', 'STUDENT'),
(45, 'sv42@gmail.com', '123456', 'STUDENT'),
(46, 'sv43@gmail.com', '123456', 'STUDENT'),
(47, 'sv44@gmail.com', '123456', 'STUDENT'),
(48, 'sv45@gmail.com', '123456', 'STUDENT'),
(49, 'sv46@gmail.com', '123456', 'STUDENT'),
(50, 'sv47@gmail.com', '123456', 'STUDENT'),
(51, 'sv48@gmail.com', '123456', 'STUDENT'),
(52, 'sv49@gmail.com', '123456', 'STUDENT'),
(53, 'sv50@gmail.com', '123456', 'STUDENT'),
(54, 'sv51@gmail.com', '123456', 'STUDENT'),
(55, 'sv52@gmail.com', '123456', 'STUDENT'),
(56, 'sv53@gmail.com', '123456', 'STUDENT'),
(57, 'sv54@gmail.com', '123456', 'STUDENT'),
(58, 'sv55@gmail.com', '123456', 'STUDENT'),
(59, 'sv56@gmail.com', '123456', 'STUDENT'),
(60, 'sv57@gmail.com', '123456', 'STUDENT'),
(61, 'sv58@gmail.com', '123456', 'STUDENT'),
(62, 'sv59@gmail.com', '123456', 'STUDENT'),
(63, 'sv60@gmail.com', '123456', 'STUDENT'),
(64, 'sv61@gmail.com', '123456', 'STUDENT'),
(65, 'sv62@gmail.com', '123456', 'STUDENT'),
(66, 'sv63@gmail.com', '123456', 'STUDENT'),
(67, 'sv64@gmail.com', '123456', 'STUDENT'),
(68, 'sv65@gmail.com', '123456', 'STUDENT'),
(69, 'sv66@gmail.com', '123456', 'STUDENT'),
(70, 'sv67@gmail.com', '123456', 'STUDENT'),
(71, 'sv68@gmail.com', '123456', 'STUDENT'),
(72, 'sv69@gmail.com', '123456', 'STUDENT'),
(73, 'sv70@gmail.com', '123456', 'STUDENT'),
(74, 'sv71@gmail.com', '123456', 'STUDENT'),
(75, 'sv72@gmail.com', '123456', 'STUDENT'),
(76, 'sv73@gmail.com', '123456', 'STUDENT'),
(77, 'sv74@gmail.com', '123456', 'STUDENT'),
(78, 'sv75@gmail.com', '123456', 'STUDENT'),
(79, 'sv76@gmail.com', '123456', 'STUDENT'),
(80, 'sv77@gmail.com', '123456', 'STUDENT'),
(81, 'sv78@gmail.com', '123456', 'STUDENT'),
(82, 'sv79@gmail.com', '123456', 'STUDENT'),
(83, 'sv80@gmail.com', '123456', 'STUDENT'),
(84, 'sv81@gmail.com', '123456', 'STUDENT'),
(85, 'sv82@gmail.com', '123456', 'STUDENT'),
(86, 'sv83@gmail.com', '123456', 'STUDENT'),
(87, 'sv84@gmail.com', '123456', 'STUDENT'),
(88, 'sv85@gmail.com', '123456', 'STUDENT'),
(89, 'sv86@gmail.com', '123456', 'STUDENT'),
(90, 'sv87@gmail.com', '123456', 'STUDENT'),
(91, 'sv88@gmail.com', '123456', 'STUDENT'),
(92, 'sv89@gmail.com', '123456', 'STUDENT'),
(93, 'sv90@gmail.com', '123456', 'STUDENT'),
(94, 'sv91@gmail.com', '123456', 'STUDENT'),
(95, 'sv92@gmail.com', '123456', 'STUDENT'),
(96, 'sv93@gmail.com', '123456', 'STUDENT'),
(97, 'sv94@gmail.com', '123456', 'STUDENT'),
(98, 'sv95@gmail.com', '123456', 'STUDENT'),
(99, 'sv96@gmail.com', '123456', 'STUDENT'),
(100, 'sv97@gmail.com', '123456', 'STUDENT'),
(101, 'sv98@gmail.com', '123456', 'STUDENT'),
(102, 'sv99@gmail.com', '123456', 'STUDENT'),
(103, 'sv100@gmail.com', '123456', 'STUDENT'),
(104, 'sv101@gmail.com', '123456', 'STUDENT'),
(105, 'sv102@gmail.com', '123456', 'STUDENT'),
(106, 'sv103@gmail.com', '123456', 'STUDENT'),
(107, 'sv104@gmail.com', '123456', 'STUDENT'),
(108, 'sv105@gmail.com', '123456', 'STUDENT'),
(109, 'sv106@gmail.com', '123456', 'STUDENT'),
(110, 'sv107@gmail.com', '123456', 'STUDENT'),
(111, 'sv108@gmail.com', '123456', 'STUDENT'),
(112, 'sv109@gmail.com', '123456', 'STUDENT'),
(113, 'sv110@gmail.com', '123456', 'STUDENT'),
(114, 'sv111@gmail.com', '123456', 'STUDENT'),
(115, 'sv112@gmail.com', '123456', 'STUDENT'),
(116, 'sv113@gmail.com', '123456', 'STUDENT'),
(117, 'sv114@gmail.com', '123456', 'STUDENT'),
(118, 'sv115@gmail.com', '123456', 'STUDENT'),
(119, 'sv116@gmail.com', '123456', 'STUDENT'),
(120, 'sv117@gmail.com', '123456', 'STUDENT'),
(121, 'sv118@gmail.com', '123456', 'STUDENT'),
(122, 'sv119@gmail.com', '123456', 'STUDENT'),
(123, 'sv120@gmail.com', '123456', 'STUDENT');

--
-- Chỉ mục cho các bảng đã đổ
--

--
-- Chỉ mục cho bảng `diem`
--
ALTER TABLE `diem`
  ADD PRIMARY KEY (`id`),
  ADD KEY `masv` (`masv`),
  ADD KEY `malop` (`malop`);

--
-- Chỉ mục cho bảng `lop`
--
ALTER TABLE `lop`
  ADD PRIMARY KEY (`malop`);

--
-- Chỉ mục cho bảng `lop_hocky_monhoc`
--
ALTER TABLE `lop_hocky_monhoc`
  ADD PRIMARY KEY (`id`),
  ADD KEY `malop` (`malop`);

--
-- Chỉ mục cho bảng `sinhvien`
--
ALTER TABLE `sinhvien`
  ADD PRIMARY KEY (`masv`),
  ADD KEY `malop` (`malop`),
  ADD KEY `taikhoan_id` (`taikhoan_id`);

--
-- Chỉ mục cho bảng `taikhoan`
--
ALTER TABLE `taikhoan`
  ADD PRIMARY KEY (`id`),
  ADD UNIQUE KEY `email` (`email`);

--
-- AUTO_INCREMENT cho các bảng đã đổ
--

--
-- AUTO_INCREMENT cho bảng `diem`
--
ALTER TABLE `diem`
  MODIFY `id` int(11) NOT NULL AUTO_INCREMENT, AUTO_INCREMENT=1127;

--
-- AUTO_INCREMENT cho bảng `lop_hocky_monhoc`
--
ALTER TABLE `lop_hocky_monhoc`
  MODIFY `id` int(11) NOT NULL AUTO_INCREMENT, AUTO_INCREMENT=29;

--
-- AUTO_INCREMENT cho bảng `taikhoan`
--
ALTER TABLE `taikhoan`
  MODIFY `id` int(11) NOT NULL AUTO_INCREMENT, AUTO_INCREMENT=124;

--
-- Các ràng buộc cho các bảng đã đổ
--

--
-- Các ràng buộc cho bảng `diem`
--
ALTER TABLE `diem`
  ADD CONSTRAINT `diem_ibfk_1` FOREIGN KEY (`masv`) REFERENCES `sinhvien` (`masv`),
  ADD CONSTRAINT `diem_ibfk_2` FOREIGN KEY (`malop`) REFERENCES `lop` (`malop`);

--
-- Các ràng buộc cho bảng `lop_hocky_monhoc`
--
ALTER TABLE `lop_hocky_monhoc`
  ADD CONSTRAINT `lop_hocky_monhoc_ibfk_1` FOREIGN KEY (`malop`) REFERENCES `lop` (`malop`);

--
-- Các ràng buộc cho bảng `sinhvien`
--
ALTER TABLE `sinhvien`
  ADD CONSTRAINT `sinhvien_ibfk_1` FOREIGN KEY (`malop`) REFERENCES `lop` (`malop`),
  ADD CONSTRAINT `sinhvien_ibfk_2` FOREIGN KEY (`taikhoan_id`) REFERENCES `taikhoan` (`id`);
COMMIT;

/*!40101 SET CHARACTER_SET_CLIENT=@OLD_CHARACTER_SET_CLIENT */;
/*!40101 SET CHARACTER_SET_RESULTS=@OLD_CHARACTER_SET_RESULTS */;
/*!40101 SET COLLATION_CONNECTION=@OLD_COLLATION_CONNECTION */;
